timestamp,ida_price_eur_mwh,sequence,zone
2026-06-06T22:00:00+00:00,119.1,1,DE_LU
2026-06-06T22:15:00+00:00,115.72,1,DE_LU
2026-06-06T22:30:00+00:00,111.95,1,DE_LU
2026-06-06T22:45:00+00:00,102.9,1,DE_LU
2026-06-06T23:00:00+00:00,98.8,1,DE_LU
2026-06-06T23:15:00+00:00,106.8,1,DE_LU
2026-06-06T23:30:00+00:00,93.03,1,DE_LU
2026-06-06T23:45:00+00:00,85.57,1,DE_LU
2026-06-07T00:00:00+00:00,80.67,1,DE_LU
2026-06-07T00:15:00+00:00,94.07,1,DE_LU
2026-06-07T00:30:00+00:00,85.69,1,DE_LU
2026-06-07T00:45:00+00:00,79.8,1,DE_LU
2026-06-07T01:00:00+00:00,92.11,1,DE_LU
2026-06-07T01:15:00+00:00,90.07,1,DE_LU
2026-06-07T01:30:00+00:00,76.6,1,DE_LU
2026-06-07T01:45:00+00:00,75.68,1,DE_LU
2026-06-07T02:00:00+00:00,73.26,1,DE_LU
2026-06-07T02:15:00+00:00,87.4,1,DE_LU
2026-06-07T02:30:00+00:00,63.6,1,DE_LU
2026-06-07T02:45:00+00:00,64.83,1,DE_LU
2026-06-07T03:00:00+00:00,52.6,1,DE_LU
2026-06-07T03:15:00+00:00,34.07,1,DE_LU
2026-06-07T03:30:00+00:00,37.44,1,DE_LU
2026-06-07T03:45:00+00:00,16.32,1,DE_LU
2026-06-07T04:00:00+00:00,-3.23,1,DE_LU
2026-06-07T04:15:00+00:00,2.84,1,DE_LU
2026-06-07T04:30:00+00:00,16.23,1,DE_LU
2026-06-07T04:45:00+00:00,11.13,1,DE_LU
2026-06-07T05:00:00+00:00,-3.82,1,DE_LU
2026-06-07T05:15:00+00:00,12.03,1,DE_LU
2026-06-07T05:30:00+00:00,-7.71,1,DE_LU
2026-06-07T05:45:00+00:00,-0.07,1,DE_LU
2026-06-07T06:00:00+00:00,8.96,1,DE_LU
2026-06-07T06:15:00+00:00,-10.92,1,DE_LU
2026-06-07T06:30:00+00:00,13.63,1,DE_LU
2026-06-07T06:45:00+00:00,-8.38,1,DE_LU
2026-06-07T07:00:00+00:00,-13.21,1,DE_LU
2026-06-07T07:15:00+00:00,4.6,1,DE_LU
2026-06-07T07:30:00+00:00,-7.02,1,DE_LU
2026-06-07T07:45:00+00:00,-17.25,1,DE_LU
2026-06-07T08:00:00+00:00,-2.58,1,DE_LU
2026-06-07T08:15:00+00:00,-2.66,1,DE_LU
2026-06-07T08:30:00+00:00,-15.02,1,DE_LU
2026-06-07T08:45:00+00:00,-4.47,1,DE_LU
2026-06-07T09:00:00+00:00,-34.76,1,DE_LU
2026-06-07T09:15:00+00:00,-22.51,1,DE_LU
2026-06-07T09:30:00+00:00,-36.29,1,DE_LU
2026-06-07T09:45:00+00:00,-20.32,1,DE_LU
2026-06-07T10:00:00+00:00,-9.68,1,DE_LU
2026-06-07T10:15:00+00:00,-32.11,1,DE_LU
2026-06-07T10:30:00+00:00,-30.49,1,DE_LU
2026-06-07T10:45:00+00:00,-28.15,1,DE_LU
2026-06-07T11:00:00+00:00,-29.81,1,DE_LU
2026-06-07T11:15:00+00:00,-48.48,1,DE_LU
2026-06-07T11:30:00+00:00,-39.62,1,DE_LU
2026-06-07T11:45:00+00:00,-52.76,1,DE_LU
2026-06-07T12:00:00+00:00,-43.57,1,DE_LU
2026-06-07T12:15:00+00:00,-48.32,1,DE_LU
2026-06-07T12:30:00+00:00,-44.97,1,DE_LU
2026-06-07T12:45:00+00:00,-44.85,1,DE_LU
2026-06-07T13:00:00+00:00,-70.1,1,DE_LU
2026-06-07T13:15:00+00:00,-53.86,1,DE_LU
2026-06-07T13:30:00+00:00,-40.87,1,DE_LU
2026-06-07T13:45:00+00:00,-24.53,1,DE_LU
2026-06-07T14:00:00+00:00,-32.75,1,DE_LU
2026-06-07T14:15:00+00:00,-14.75,1,DE_LU
2026-06-07T14:30:00+00:00,-21.36,1,DE_LU
2026-06-07T14:45:00+00:00,-2.89,1,DE_LU
2026-06-07T15:00:00+00:00,-5.74,1,DE_LU
2026-06-07T15:15:00+00:00,7.21,1,DE_LU
2026-06-07T15:30:00+00:00,1.69,1,DE_LU
2026-06-07T15:45:00+00:00,-2.5,1,DE_LU
2026-06-07T16:00:00+00:00,16.15,1,DE_LU
2026-06-07T16:15:00+00:00,13.15,1,DE_LU
2026-06-07T16:30:00+00:00,81.55,1,DE_LU
2026-06-07T16:45:00+00:00,108.92,1,DE_LU
2026-06-07T17:00:00+00:00,71.95,1,DE_LU
2026-06-07T17:15:00+00:00,105.58,1,DE_LU
2026-06-07T17:30:00+00:00,125.36,1,DE_LU
2026-06-07T17:45:00+00:00,134.86,1,DE_LU
2026-06-07T18:00:00+00:00,120.99,1,DE_LU
2026-06-07T18:15:00+00:00,119.92,1,DE_LU
2026-06-07T18:30:00+00:00,127.82,1,DE_LU
2026-06-07T18:45:00+00:00,155.91,1,DE_LU
2026-06-07T19:00:00+00:00,144.8,1,DE_LU
2026-06-07T19:15:00+00:00,137.0,1,DE_LU
2026-06-07T19:30:00+00:00,133.33,1,DE_LU
2026-06-07T19:45:00+00:00,150.79,1,DE_LU
2026-06-07T20:00:00+00:00,143.03,1,DE_LU
2026-06-07T20:15:00+00:00,138.05,1,DE_LU
2026-06-07T20:30:00+00:00,139.48,1,DE_LU
2026-06-07T20:45:00+00:00,133.53,1,DE_LU
2026-06-07T21:00:00+00:00,148.01,1,DE_LU
2026-06-07T21:15:00+00:00,141.35,1,DE_LU
2026-06-07T21:30:00+00:00,142.59,1,DE_LU
2026-06-07T21:45:00+00:00,151.23,1,DE_LU
2026-06-07T22:00:00+00:00,153.06,1,DE_LU
2026-06-07T22:15:00+00:00,127.93,1,DE_LU
2026-06-07T22:30:00+00:00,134.11,1,DE_LU
2026-06-07T22:45:00+00:00,130.22,1,DE_LU
2026-06-07T23:00:00+00:00,155.91,1,DE_LU
2026-06-07T23:15:00+00:00,128.87,1,DE_LU
2026-06-07T23:30:00+00:00,136.87,1,DE_LU
2026-06-07T23:45:00+00:00,130.59,1,DE_LU
2026-06-08T00:00:00+00:00,139.12,1,DE_LU
2026-06-08T00:15:00+00:00,120.75,1,DE_LU
2026-06-08T00:30:00+00:00,135.06,1,DE_LU
2026-06-08T00:45:00+00:00,128.98,1,DE_LU
2026-06-08T01:00:00+00:00,128.86,1,DE_LU
2026-06-08T01:15:00+00:00,123.98,1,DE_LU
2026-06-08T01:30:00+00:00,126.45,1,DE_LU
2026-06-08T01:45:00+00:00,139.32,1,DE_LU
2026-06-08T02:00:00+00:00,137.94,1,DE_LU
2026-06-08T02:15:00+00:00,140.25,1,DE_LU
2026-06-08T02:30:00+00:00,119.03,1,DE_LU
2026-06-08T02:45:00+00:00,139.33,1,DE_LU
2026-06-08T03:00:00+00:00,136.62,1,DE_LU
2026-06-08T03:15:00+00:00,130.5,1,DE_LU
2026-06-08T03:30:00+00:00,144.23,1,DE_LU
2026-06-08T03:45:00+00:00,146.17,1,DE_LU
2026-06-08T04:00:00+00:00,145.98,1,DE_LU
2026-06-08T04:15:00+00:00,153.79,1,DE_LU
2026-06-08T04:30:00+00:00,149.98,1,DE_LU
2026-06-08T04:45:00+00:00,149.68,1,DE_LU
2026-06-08T05:00:00+00:00,168.12,1,DE_LU
2026-06-08T05:15:00+00:00,150.06,1,DE_LU
2026-06-08T05:30:00+00:00,144.3,1,DE_LU
2026-06-08T05:45:00+00:00,125.25,1,DE_LU
2026-06-08T06:00:00+00:00,142.96,1,DE_LU
2026-06-08T06:15:00+00:00,118.85,1,DE_LU
2026-06-08T06:30:00+00:00,118.23,1,DE_LU
2026-06-08T06:45:00+00:00,112.1,1,DE_LU
2026-06-08T07:00:00+00:00,111.04,1,DE_LU
2026-06-08T07:15:00+00:00,109.88,1,DE_LU
2026-06-08T07:30:00+00:00,89.11,1,DE_LU
2026-06-08T07:45:00+00:00,83.93,1,DE_LU
2026-06-08T08:00:00+00:00,89.81,1,DE_LU
2026-06-08T08:15:00+00:00,79.37,1,DE_LU
2026-06-08T08:30:00+00:00,70.99,1,DE_LU
2026-06-08T08:45:00+00:00,58.42,1,DE_LU
2026-06-08T09:00:00+00:00,72.95,1,DE_LU
2026-06-08T09:15:00+00:00,48.45,1,DE_LU
2026-06-08T09:30:00+00:00,48.38,1,DE_LU
2026-06-08T09:45:00+00:00,25.39,1,DE_LU
2026-06-08T10:00:00+00:00,42.79,1,DE_LU
2026-06-08T10:15:00+00:00,54.06,1,DE_LU
2026-06-08T10:30:00+00:00,43.77,1,DE_LU
2026-06-08T10:45:00+00:00,44.29,1,DE_LU
2026-06-08T11:00:00+00:00,50.26,1,DE_LU
2026-06-08T11:15:00+00:00,49.07,1,DE_LU
2026-06-08T11:30:00+00:00,57.83,1,DE_LU
2026-06-08T11:45:00+00:00,57.04,1,DE_LU
2026-06-08T12:00:00+00:00,50.12,1,DE_LU
2026-06-08T12:15:00+00:00,55.66,1,DE_LU
2026-06-08T12:30:00+00:00,75.94,1,DE_LU
2026-06-08T12:45:00+00:00,67.1,1,DE_LU
2026-06-08T13:00:00+00:00,79.07,1,DE_LU
2026-06-08T13:15:00+00:00,77.28,1,DE_LU
2026-06-08T13:30:00+00:00,76.32,1,DE_LU
2026-06-08T13:45:00+00:00,116.98,1,DE_LU
2026-06-08T14:00:00+00:00,91.54,1,DE_LU
2026-06-08T14:15:00+00:00,109.78,1,DE_LU
2026-06-08T14:30:00+00:00,110.15,1,DE_LU
2026-06-08T14:45:00+00:00,118.85,1,DE_LU
2026-06-08T15:00:00+00:00,111.07,1,DE_LU
2026-06-08T15:15:00+00:00,128.76,1,DE_LU
2026-06-08T15:30:00+00:00,127.6,1,DE_LU
2026-06-08T15:45:00+00:00,149.59,1,DE_LU
2026-06-08T16:00:00+00:00,136.58,1,DE_LU
2026-06-08T16:15:00+00:00,151.24,1,DE_LU
2026-06-08T16:30:00+00:00,155.02,1,DE_LU
2026-06-08T16:45:00+00:00,186.73,1,DE_LU
2026-06-08T17:00:00+00:00,179.57,1,DE_LU
2026-06-08T17:15:00+00:00,201.17,1,DE_LU
2026-06-08T17:30:00+00:00,216.11,1,DE_LU
2026-06-08T17:45:00+00:00,233.82,1,DE_LU
2026-06-08T18:00:00+00:00,226.19,1,DE_LU
2026-06-08T18:15:00+00:00,205.8,1,DE_LU
2026-06-08T18:30:00+00:00,212.1,1,DE_LU
2026-06-08T18:45:00+00:00,208.73,1,DE_LU
2026-06-08T19:00:00+00:00,218.09,1,DE_LU
2026-06-08T19:15:00+00:00,197.07,1,DE_LU
2026-06-08T19:30:00+00:00,184.01,1,DE_LU
2026-06-08T19:45:00+00:00,161.89,1,DE_LU
2026-06-08T20:00:00+00:00,184.35,1,DE_LU
2026-06-08T20:15:00+00:00,153.23,1,DE_LU
2026-06-08T20:30:00+00:00,145.03,1,DE_LU
2026-06-08T20:45:00+00:00,133.99,1,DE_LU
2026-06-08T21:00:00+00:00,135.79,1,DE_LU
2026-06-08T21:15:00+00:00,138.62,1,DE_LU
2026-06-08T21:30:00+00:00,124.27,1,DE_LU
2026-06-08T21:45:00+00:00,117.7,1,DE_LU
2026-06-08T22:00:00+00:00,135.08,1,DE_LU
2026-06-08T22:15:00+00:00,126.35,1,DE_LU
2026-06-08T22:30:00+00:00,115.54,1,DE_LU
2026-06-08T22:45:00+00:00,118.23,1,DE_LU
2026-06-08T23:00:00+00:00,125.94,1,DE_LU
2026-06-08T23:15:00+00:00,126.48,1,DE_LU
2026-06-08T23:30:00+00:00,118.84,1,DE_LU
2026-06-08T23:45:00+00:00,116.07,1,DE_LU
2026-06-09T00:00:00+00:00,124.39,1,DE_LU
2026-06-09T00:15:00+00:00,115.82,1,DE_LU
2026-06-09T00:30:00+00:00,113.95,1,DE_LU
2026-06-09T00:45:00+00:00,106.7,1,DE_LU
2026-06-09T01:00:00+00:00,124.0,1,DE_LU
2026-06-09T01:15:00+00:00,112.65,1,DE_LU
2026-06-09T01:30:00+00:00,117.34,1,DE_LU
2026-06-09T01:45:00+00:00,96.92,1,DE_LU
2026-06-09T02:00:00+00:00,113.35,1,DE_LU
2026-06-09T02:15:00+00:00,107.76,1,DE_LU
2026-06-09T02:30:00+00:00,99.58,1,DE_LU
2026-06-09T02:45:00+00:00,100.81,1,DE_LU
2026-06-09T03:00:00+00:00,116.85,1,DE_LU
2026-06-09T03:15:00+00:00,105.83,1,DE_LU
2026-06-09T03:30:00+00:00,129.0,1,DE_LU
2026-06-09T03:45:00+00:00,133.6,1,DE_LU
2026-06-09T04:00:00+00:00,117.39,1,DE_LU
2026-06-09T04:15:00+00:00,127.03,1,DE_LU
2026-06-09T04:30:00+00:00,126.19,1,DE_LU
2026-06-09T04:45:00+00:00,124.38,1,DE_LU
2026-06-09T05:00:00+00:00,141.24,1,DE_LU
2026-06-09T05:15:00+00:00,129.28,1,DE_LU
2026-06-09T05:30:00+00:00,124.34,1,DE_LU
2026-06-09T05:45:00+00:00,121.35,1,DE_LU
2026-06-09T06:00:00+00:00,129.61,1,DE_LU
2026-06-09T06:15:00+00:00,146.04,1,DE_LU
2026-06-09T06:30:00+00:00,132.54,1,DE_LU
2026-06-09T06:45:00+00:00,119.7,1,DE_LU
2026-06-09T07:00:00+00:00,110.14,1,DE_LU
2026-06-09T07:15:00+00:00,105.16,1,DE_LU
2026-06-09T07:30:00+00:00,107.58,1,DE_LU
2026-06-09T07:45:00+00:00,94.93,1,DE_LU
2026-06-09T08:00:00+00:00,100.32,1,DE_LU
2026-06-09T08:15:00+00:00,90.1,1,DE_LU
2026-06-09T08:30:00+00:00,75.47,1,DE_LU
2026-06-09T08:45:00+00:00,70.0,1,DE_LU
2026-06-09T09:00:00+00:00,74.74,1,DE_LU
2026-06-09T09:15:00+00:00,51.71,1,DE_LU
2026-06-09T09:30:00+00:00,60.23,1,DE_LU
2026-06-09T09:45:00+00:00,35.48,1,DE_LU
2026-06-09T10:00:00+00:00,47.03,1,DE_LU
2026-06-09T10:15:00+00:00,14.83,1,DE_LU
2026-06-09T10:30:00+00:00,25.41,1,DE_LU
2026-06-09T10:45:00+00:00,0.94,1,DE_LU
2026-06-09T11:00:00+00:00,2.96,1,DE_LU
2026-06-09T11:15:00+00:00,-0.53,1,DE_LU
2026-06-09T11:30:00+00:00,-10.44,1,DE_LU
2026-06-09T11:45:00+00:00,-3.93,1,DE_LU
2026-06-09T12:00:00+00:00,-8.69,1,DE_LU
2026-06-09T12:15:00+00:00,-7.21,1,DE_LU
2026-06-09T12:30:00+00:00,0.29,1,DE_LU
2026-06-09T12:45:00+00:00,-5.58,1,DE_LU
2026-06-09T13:00:00+00:00,-13.85,1,DE_LU
2026-06-09T13:15:00+00:00,-17.65,1,DE_LU
2026-06-09T13:30:00+00:00,5.02,1,DE_LU
2026-06-09T13:45:00+00:00,-2.87,1,DE_LU
2026-06-09T14:00:00+00:00,8.61,1,DE_LU
2026-06-09T14:15:00+00:00,15.79,1,DE_LU
2026-06-09T14:30:00+00:00,36.45,1,DE_LU
2026-06-09T14:45:00+00:00,64.99,1,DE_LU
2026-06-09T15:00:00+00:00,16.35,1,DE_LU
2026-06-09T15:15:00+00:00,79.85,1,DE_LU
2026-06-09T15:30:00+00:00,87.54,1,DE_LU
2026-06-09T15:45:00+00:00,98.89,1,DE_LU
2026-06-09T16:00:00+00:00,101.89,1,DE_LU
2026-06-09T16:15:00+00:00,109.69,1,DE_LU
2026-06-09T16:30:00+00:00,133.43,1,DE_LU
2026-06-09T16:45:00+00:00,150.52,1,DE_LU
2026-06-09T17:00:00+00:00,120.24,1,DE_LU
2026-06-09T17:15:00+00:00,141.43,1,DE_LU
2026-06-09T17:30:00+00:00,163.53,1,DE_LU
2026-06-09T17:45:00+00:00,154.65,1,DE_LU
2026-06-09T18:00:00+00:00,154.25,1,DE_LU
2026-06-09T18:15:00+00:00,149.81,1,DE_LU
2026-06-09T18:30:00+00:00,159.29,1,DE_LU
2026-06-09T18:45:00+00:00,162.68,1,DE_LU
2026-06-09T19:00:00+00:00,166.99,1,DE_LU
2026-06-09T19:15:00+00:00,162.53,1,DE_LU
2026-06-09T19:30:00+00:00,157.23,1,DE_LU
2026-06-09T19:45:00+00:00,141.14,1,DE_LU
2026-06-09T20:00:00+00:00,160.55,1,DE_LU
2026-06-09T20:15:00+00:00,155.04,1,DE_LU
2026-06-09T20:30:00+00:00,142.82,1,DE_LU
2026-06-09T20:45:00+00:00,136.64,1,DE_LU
2026-06-09T21:00:00+00:00,148.83,1,DE_LU
2026-06-09T21:15:00+00:00,143.94,1,DE_LU
2026-06-09T21:30:00+00:00,126.21,1,DE_LU
2026-06-09T21:45:00+00:00,131.22,1,DE_LU
2026-06-09T22:00:00+00:00,133.43,1,DE_LU
2026-06-09T22:15:00+00:00,122.89,1,DE_LU
2026-06-09T22:30:00+00:00,127.35,1,DE_LU
2026-06-09T22:45:00+00:00,117.97,1,DE_LU
2026-06-09T23:00:00+00:00,121.39,1,DE_LU
2026-06-09T23:15:00+00:00,115.04,1,DE_LU
2026-06-09T23:30:00+00:00,97.61,1,DE_LU
2026-06-09T23:45:00+00:00,110.39,1,DE_LU
2026-06-10T00:00:00+00:00,119.18,1,DE_LU
2026-06-10T00:15:00+00:00,118.19,1,DE_LU
2026-06-10T00:30:00+00:00,108.1,1,DE_LU
2026-06-10T00:45:00+00:00,108.21,1,DE_LU
2026-06-10T01:00:00+00:00,107.04,1,DE_LU
2026-06-10T01:15:00+00:00,109.47,1,DE_LU
2026-06-10T01:30:00+00:00,114.67,1,DE_LU
2026-06-10T01:45:00+00:00,113.67,1,DE_LU
2026-06-10T02:00:00+00:00,104.91,1,DE_LU
2026-06-10T02:15:00+00:00,104.72,1,DE_LU
2026-06-10T02:30:00+00:00,121.81,1,DE_LU
2026-06-10T02:45:00+00:00,123.71,1,DE_LU
2026-06-10T03:00:00+00:00,99.76,1,DE_LU
2026-06-10T03:15:00+00:00,113.09,1,DE_LU
2026-06-10T03:30:00+00:00,126.36,1,DE_LU
2026-06-10T03:45:00+00:00,143.0,1,DE_LU
2026-06-10T04:00:00+00:00,124.46,1,DE_LU
2026-06-10T04:15:00+00:00,141.19,1,DE_LU
2026-06-10T04:30:00+00:00,131.84,1,DE_LU
2026-06-10T04:45:00+00:00,131.32,1,DE_LU
2026-06-10T05:00:00+00:00,140.42,1,DE_LU
2026-06-10T05:15:00+00:00,134.65,1,DE_LU
2026-06-10T05:30:00+00:00,130.86,1,DE_LU
2026-06-10T05:45:00+00:00,136.61,1,DE_LU
2026-06-10T06:00:00+00:00,145.78,1,DE_LU
2026-06-10T06:15:00+00:00,139.59,1,DE_LU
2026-06-10T06:30:00+00:00,135.23,1,DE_LU
2026-06-10T06:45:00+00:00,106.67,1,DE_LU
2026-06-10T07:00:00+00:00,118.24,1,DE_LU
2026-06-10T07:15:00+00:00,112.51,1,DE_LU
2026-06-10T07:30:00+00:00,97.27,1,DE_LU
2026-06-10T07:45:00+00:00,89.3,1,DE_LU
2026-06-10T08:00:00+00:00,100.08,1,DE_LU
2026-06-10T08:15:00+00:00,75.14,1,DE_LU
2026-06-10T08:30:00+00:00,89.98,1,DE_LU
2026-06-10T08:45:00+00:00,60.33,1,DE_LU
2026-06-10T09:00:00+00:00,75.81,1,DE_LU
2026-06-10T09:15:00+00:00,59.37,1,DE_LU
2026-06-10T09:30:00+00:00,55.69,1,DE_LU
2026-06-10T09:45:00+00:00,44.11,1,DE_LU
2026-06-10T10:00:00+00:00,69.94,1,DE_LU
2026-06-10T10:15:00+00:00,59.48,1,DE_LU
2026-06-10T10:30:00+00:00,74.2,1,DE_LU
2026-06-10T10:45:00+00:00,59.37,1,DE_LU
2026-06-10T11:00:00+00:00,71.17,1,DE_LU
2026-06-10T11:15:00+00:00,58.02,1,DE_LU
2026-06-10T11:30:00+00:00,49.53,1,DE_LU
2026-06-10T11:45:00+00:00,72.57,1,DE_LU
2026-06-10T12:00:00+00:00,61.35,1,DE_LU
2026-06-10T12:15:00+00:00,69.52,1,DE_LU
2026-06-10T12:30:00+00:00,88.78,1,DE_LU
2026-06-10T12:45:00+00:00,84.17,1,DE_LU
2026-06-10T13:00:00+00:00,75.62,1,DE_LU
2026-06-10T13:15:00+00:00,84.84,1,DE_LU
2026-06-10T13:30:00+00:00,75.79,1,DE_LU
2026-06-10T13:45:00+00:00,106.93,1,DE_LU
2026-06-10T14:00:00+00:00,84.19,1,DE_LU
2026-06-10T14:15:00+00:00,96.32,1,DE_LU
2026-06-10T14:30:00+00:00,102.77,1,DE_LU
2026-06-10T14:45:00+00:00,130.67,1,DE_LU
2026-06-10T15:00:00+00:00,103.65,1,DE_LU
2026-06-10T15:15:00+00:00,98.53,1,DE_LU
2026-06-10T15:30:00+00:00,135.19,1,DE_LU
2026-06-10T15:45:00+00:00,144.56,1,DE_LU
2026-06-10T16:00:00+00:00,127.91,1,DE_LU
2026-06-10T16:15:00+00:00,143.27,1,DE_LU
2026-06-10T16:30:00+00:00,143.5,1,DE_LU
2026-06-10T16:45:00+00:00,155.29,1,DE_LU
2026-06-10T17:00:00+00:00,142.51,1,DE_LU
2026-06-10T17:15:00+00:00,160.62,1,DE_LU
2026-06-10T17:30:00+00:00,184.33,1,DE_LU
2026-06-10T17:45:00+00:00,213.26,1,DE_LU
2026-06-10T18:00:00+00:00,192.35,1,DE_LU
2026-06-10T18:15:00+00:00,213.94,1,DE_LU
2026-06-10T18:30:00+00:00,236.22,1,DE_LU
2026-06-10T18:45:00+00:00,230.75,1,DE_LU
2026-06-10T19:00:00+00:00,236.83,1,DE_LU
2026-06-10T19:15:00+00:00,212.7,1,DE_LU
2026-06-10T19:30:00+00:00,207.8,1,DE_LU
2026-06-10T19:45:00+00:00,199.89,1,DE_LU
2026-06-10T20:00:00+00:00,198.97,1,DE_LU
2026-06-10T20:15:00+00:00,180.46,1,DE_LU
2026-06-10T20:30:00+00:00,160.91,1,DE_LU
2026-06-10T20:45:00+00:00,150.71,1,DE_LU
2026-06-10T21:00:00+00:00,172.85,1,DE_LU
2026-06-10T21:15:00+00:00,150.25,1,DE_LU
2026-06-10T21:30:00+00:00,151.06,1,DE_LU
2026-06-10T21:45:00+00:00,145.76,1,DE_LU
2026-06-10T22:00:00+00:00,153.02,1,DE_LU
2026-06-10T22:15:00+00:00,155.17,1,DE_LU
2026-06-10T22:30:00+00:00,140.46,1,DE_LU
2026-06-10T22:45:00+00:00,142.84,1,DE_LU
2026-06-10T23:00:00+00:00,141.45,1,DE_LU
2026-06-10T23:15:00+00:00,142.69,1,DE_LU
2026-06-10T23:30:00+00:00,145.11,1,DE_LU
2026-06-10T23:45:00+00:00,150.77,1,DE_LU
2026-06-11T00:00:00+00:00,124.85,1,DE_LU
2026-06-11T00:15:00+00:00,120.82,1,DE_LU
2026-06-11T00:30:00+00:00,135.05,1,DE_LU
2026-06-11T00:45:00+00:00,130.49,1,DE_LU
2026-06-11T01:00:00+00:00,131.68,1,DE_LU
2026-06-11T01:15:00+00:00,127.28,1,DE_LU
2026-06-11T01:30:00+00:00,121.28,1,DE_LU
2026-06-11T01:45:00+00:00,120.26,1,DE_LU
2026-06-11T02:00:00+00:00,117.79,1,DE_LU
2026-06-11T02:15:00+00:00,130.68,1,DE_LU
2026-06-11T02:30:00+00:00,121.8,1,DE_LU
2026-06-11T02:45:00+00:00,133.73,1,DE_LU
2026-06-11T03:00:00+00:00,129.74,1,DE_LU
2026-06-11T03:15:00+00:00,114.81,1,DE_LU
2026-06-11T03:30:00+00:00,130.83,1,DE_LU
2026-06-11T03:45:00+00:00,136.96,1,DE_LU
2026-06-11T04:00:00+00:00,136.28,1,DE_LU
2026-06-11T04:15:00+00:00,138.66,1,DE_LU
2026-06-11T04:30:00+00:00,128.83,1,DE_LU
2026-06-11T04:45:00+00:00,139.17,1,DE_LU
2026-06-11T05:00:00+00:00,143.51,1,DE_LU
2026-06-11T05:15:00+00:00,134.75,1,DE_LU
2026-06-11T05:30:00+00:00,128.85,1,DE_LU
2026-06-11T05:45:00+00:00,122.54,1,DE_LU
2026-06-11T06:00:00+00:00,142.54,1,DE_LU
2026-06-11T06:15:00+00:00,125.8,1,DE_LU
2026-06-11T06:30:00+00:00,127.17,1,DE_LU
2026-06-11T06:45:00+00:00,106.17,1,DE_LU
2026-06-11T07:00:00+00:00,123.05,1,DE_LU
2026-06-11T07:15:00+00:00,98.81,1,DE_LU
2026-06-11T07:30:00+00:00,95.13,1,DE_LU
2026-06-11T07:45:00+00:00,88.65,1,DE_LU
2026-06-11T08:00:00+00:00,112.6,1,DE_LU
2026-06-11T08:15:00+00:00,94.95,1,DE_LU
2026-06-11T08:30:00+00:00,89.8,1,DE_LU
2026-06-11T08:45:00+00:00,78.66,1,DE_LU
2026-06-11T09:00:00+00:00,91.75,1,DE_LU
2026-06-11T09:15:00+00:00,76.37,1,DE_LU
2026-06-11T09:30:00+00:00,79.85,1,DE_LU
2026-06-11T09:45:00+00:00,71.73,1,DE_LU
2026-06-11T10:00:00+00:00,66.47,1,DE_LU
2026-06-11T10:15:00+00:00,66.22,1,DE_LU
2026-06-11T10:30:00+00:00,49.82,1,DE_LU
2026-06-11T10:45:00+00:00,68.54,1,DE_LU
2026-06-11T11:00:00+00:00,53.29,1,DE_LU
2026-06-11T11:15:00+00:00,33.42,1,DE_LU
2026-06-11T11:30:00+00:00,39.02,1,DE_LU
2026-06-11T11:45:00+00:00,31.04,1,DE_LU
2026-06-11T12:00:00+00:00,31.59,1,DE_LU
2026-06-11T12:15:00+00:00,29.73,1,DE_LU
2026-06-11T12:30:00+00:00,14.69,1,DE_LU
2026-06-11T12:45:00+00:00,25.46,1,DE_LU
2026-06-11T13:00:00+00:00,20.67,1,DE_LU
2026-06-11T13:15:00+00:00,32.5,1,DE_LU
2026-06-11T13:30:00+00:00,37.55,1,DE_LU
2026-06-11T13:45:00+00:00,53.61,1,DE_LU
2026-06-11T14:00:00+00:00,47.56,1,DE_LU
2026-06-11T14:15:00+00:00,84.57,1,DE_LU
2026-06-11T14:30:00+00:00,88.24,1,DE_LU
2026-06-11T14:45:00+00:00,116.62,1,DE_LU
2026-06-11T15:00:00+00:00,68.27,1,DE_LU
2026-06-11T15:15:00+00:00,104.15,1,DE_LU
2026-06-11T15:30:00+00:00,105.01,1,DE_LU
2026-06-11T15:45:00+00:00,112.84,1,DE_LU
2026-06-11T16:00:00+00:00,137.85,1,DE_LU
2026-06-11T16:15:00+00:00,127.55,1,DE_LU
2026-06-11T16:30:00+00:00,133.99,1,DE_LU
2026-06-11T16:45:00+00:00,138.6,1,DE_LU
2026-06-11T17:00:00+00:00,134.8,1,DE_LU
2026-06-11T17:15:00+00:00,154.9,1,DE_LU
2026-06-11T17:30:00+00:00,146.89,1,DE_LU
2026-06-11T17:45:00+00:00,173.06,1,DE_LU
2026-06-11T18:00:00+00:00,153.04,1,DE_LU
2026-06-11T18:15:00+00:00,166.8,1,DE_LU
2026-06-11T18:30:00+00:00,182.34,1,DE_LU
2026-06-11T18:45:00+00:00,195.12,1,DE_LU
2026-06-11T19:00:00+00:00,197.63,1,DE_LU
2026-06-11T19:15:00+00:00,164.43,1,DE_LU
2026-06-11T19:30:00+00:00,165.64,1,DE_LU
2026-06-11T19:45:00+00:00,147.02,1,DE_LU
2026-06-11T20:00:00+00:00,140.68,1,DE_LU
2026-06-11T20:15:00+00:00,138.16,1,DE_LU
2026-06-11T20:30:00+00:00,146.34,1,DE_LU
2026-06-11T20:45:00+00:00,131.58,1,DE_LU
2026-06-11T21:00:00+00:00,134.7,1,DE_LU
2026-06-11T21:15:00+00:00,114.9,1,DE_LU
2026-06-11T21:30:00+00:00,113.55,1,DE_LU
2026-06-11T21:45:00+00:00,113.81,1,DE_LU
2026-06-11T22:00:00+00:00,129.26,1,DE_LU
2026-06-11T22:15:00+00:00,112.14,1,DE_LU
2026-06-11T22:30:00+00:00,130.09,1,DE_LU
2026-06-11T22:45:00+00:00,110.93,1,DE_LU
2026-06-11T23:00:00+00:00,106.55,1,DE_LU
2026-06-11T23:15:00+00:00,107.49,1,DE_LU
2026-06-11T23:30:00+00:00,111.07,1,DE_LU
2026-06-11T23:45:00+00:00,95.3,1,DE_LU
2026-06-12T00:00:00+00:00,111.89,1,DE_LU
2026-06-12T00:15:00+00:00,110.07,1,DE_LU
2026-06-12T00:30:00+00:00,94.33,1,DE_LU
2026-06-12T00:45:00+00:00,82.16,1,DE_LU
2026-06-12T01:00:00+00:00,93.07,1,DE_LU
2026-06-12T01:15:00+00:00,85.64,1,DE_LU
2026-06-12T01:30:00+00:00,78.49,1,DE_LU
2026-06-12T01:45:00+00:00,84.94,1,DE_LU
2026-06-12T02:00:00+00:00,90.85,1,DE_LU
2026-06-12T02:15:00+00:00,93.31,1,DE_LU
2026-06-12T02:30:00+00:00,99.65,1,DE_LU
2026-06-12T02:45:00+00:00,86.06,1,DE_LU
2026-06-12T03:00:00+00:00,83.17,1,DE_LU
2026-06-12T03:15:00+00:00,96.91,1,DE_LU
2026-06-12T03:30:00+00:00,102.95,1,DE_LU
2026-06-12T03:45:00+00:00,105.94,1,DE_LU
2026-06-12T04:00:00+00:00,102.66,1,DE_LU
2026-06-12T04:15:00+00:00,118.28,1,DE_LU
2026-06-12T04:30:00+00:00,122.91,1,DE_LU
2026-06-12T04:45:00+00:00,141.82,1,DE_LU
2026-06-12T05:00:00+00:00,131.05,1,DE_LU
2026-06-12T05:15:00+00:00,137.98,1,DE_LU
2026-06-12T05:30:00+00:00,122.83,1,DE_LU
2026-06-12T05:45:00+00:00,123.92,1,DE_LU
2026-06-12T06:00:00+00:00,151.34,1,DE_LU
2026-06-12T06:15:00+00:00,126.32,1,DE_LU
2026-06-12T06:30:00+00:00,121.2,1,DE_LU
2026-06-12T06:45:00+00:00,119.12,1,DE_LU
2026-06-12T07:00:00+00:00,124.01,1,DE_LU
2026-06-12T07:15:00+00:00,113.15,1,DE_LU
2026-06-12T07:30:00+00:00,105.62,1,DE_LU
2026-06-12T07:45:00+00:00,109.91,1,DE_LU
2026-06-12T08:00:00+00:00,108.64,1,DE_LU
2026-06-12T08:15:00+00:00,117.96,1,DE_LU
2026-06-12T08:30:00+00:00,99.21,1,DE_LU
2026-06-12T08:45:00+00:00,100.02,1,DE_LU
2026-06-12T09:00:00+00:00,99.43,1,DE_LU
2026-06-12T09:15:00+00:00,74.93,1,DE_LU
2026-06-12T09:30:00+00:00,81.16,1,DE_LU
2026-06-12T09:45:00+00:00,77.91,1,DE_LU
2026-06-12T10:00:00+00:00,68.87,1,DE_LU
2026-06-12T10:15:00+00:00,58.01,1,DE_LU
2026-06-12T10:30:00+00:00,84.84,1,DE_LU
2026-06-12T10:45:00+00:00,76.37,1,DE_LU
2026-06-12T11:00:00+00:00,60.74,1,DE_LU
2026-06-12T11:15:00+00:00,63.16,1,DE_LU
2026-06-12T11:30:00+00:00,66.13,1,DE_LU
2026-06-12T11:45:00+00:00,66.56,1,DE_LU
2026-06-12T12:00:00+00:00,58.88,1,DE_LU
2026-06-12T12:15:00+00:00,45.23,1,DE_LU
2026-06-12T12:30:00+00:00,54.37,1,DE_LU
2026-06-12T12:45:00+00:00,49.14,1,DE_LU
2026-06-12T13:00:00+00:00,36.75,1,DE_LU
2026-06-12T13:15:00+00:00,39.34,1,DE_LU
2026-06-12T13:30:00+00:00,47.65,1,DE_LU
2026-06-12T13:45:00+00:00,49.4,1,DE_LU
2026-06-12T14:00:00+00:00,47.46,1,DE_LU
2026-06-12T14:15:00+00:00,70.16,1,DE_LU
2026-06-12T14:30:00+00:00,73.83,1,DE_LU
2026-06-12T14:45:00+00:00,64.63,1,DE_LU
2026-06-12T15:00:00+00:00,73.74,1,DE_LU
2026-06-12T15:15:00+00:00,69.43,1,DE_LU
2026-06-12T15:30:00+00:00,81.58,1,DE_LU
2026-06-12T15:45:00+00:00,87.05,1,DE_LU
2026-06-12T16:00:00+00:00,102.03,1,DE_LU
2026-06-12T16:15:00+00:00,86.26,1,DE_LU
2026-06-12T16:30:00+00:00,123.02,1,DE_LU
2026-06-12T16:45:00+00:00,118.48,1,DE_LU
2026-06-12T17:00:00+00:00,121.6,1,DE_LU
2026-06-12T17:15:00+00:00,117.3,1,DE_LU
2026-06-12T17:30:00+00:00,130.07,1,DE_LU
2026-06-12T17:45:00+00:00,129.81,1,DE_LU
2026-06-12T18:00:00+00:00,121.4,1,DE_LU
2026-06-12T18:15:00+00:00,104.86,1,DE_LU
2026-06-12T18:30:00+00:00,108.48,1,DE_LU
2026-06-12T18:45:00+00:00,110.58,1,DE_LU
2026-06-12T19:00:00+00:00,111.76,1,DE_LU
2026-06-12T19:15:00+00:00,132.0,1,DE_LU
2026-06-12T19:30:00+00:00,116.7,1,DE_LU
2026-06-12T19:45:00+00:00,107.32,1,DE_LU
2026-06-12T20:00:00+00:00,118.44,1,DE_LU
2026-06-12T20:15:00+00:00,114.79,1,DE_LU
2026-06-12T20:30:00+00:00,116.71,1,DE_LU
2026-06-12T20:45:00+00:00,103.0,1,DE_LU
2026-06-12T21:00:00+00:00,101.77,1,DE_LU
2026-06-12T21:15:00+00:00,94.47,1,DE_LU
2026-06-12T21:30:00+00:00,105.96,1,DE_LU
2026-06-12T21:45:00+00:00,88.37,1,DE_LU
2026-06-12T22:00:00+00:00,103.02,1,DE_LU
2026-06-12T22:15:00+00:00,85.82,1,DE_LU
2026-06-12T22:30:00+00:00,87.3,1,DE_LU
2026-06-12T22:45:00+00:00,67.29,1,DE_LU
2026-06-12T23:00:00+00:00,75.91,1,DE_LU
2026-06-12T23:15:00+00:00,77.51,1,DE_LU
2026-06-12T23:30:00+00:00,75.79,1,DE_LU
2026-06-12T23:45:00+00:00,76.78,1,DE_LU
2026-06-13T00:00:00+00:00,87.17,1,DE_LU
2026-06-13T00:15:00+00:00,67.32,1,DE_LU
2026-06-13T00:30:00+00:00,62.83,1,DE_LU
2026-06-13T00:45:00+00:00,61.91,1,DE_LU
2026-06-13T01:00:00+00:00,63.55,1,DE_LU
2026-06-13T01:15:00+00:00,76.22,1,DE_LU
2026-06-13T01:30:00+00:00,56.09,1,DE_LU
2026-06-13T01:45:00+00:00,50.13,1,DE_LU
2026-06-13T02:00:00+00:00,68.79,1,DE_LU
2026-06-13T02:15:00+00:00,64.24,1,DE_LU
2026-06-13T02:30:00+00:00,62.25,1,DE_LU
2026-06-13T02:45:00+00:00,68.8,1,DE_LU
2026-06-13T03:00:00+00:00,73.64,1,DE_LU
2026-06-13T03:15:00+00:00,60.52,1,DE_LU
2026-06-13T03:30:00+00:00,50.71,1,DE_LU
2026-06-13T03:45:00+00:00,44.48,1,DE_LU
2026-06-13T04:00:00+00:00,42.98,1,DE_LU
2026-06-13T04:15:00+00:00,38.31,1,DE_LU
2026-06-13T04:30:00+00:00,41.37,1,DE_LU
2026-06-13T04:45:00+00:00,20.54,1,DE_LU
2026-06-13T05:00:00+00:00,48.8,1,DE_LU
2026-06-13T05:15:00+00:00,4.52,1,DE_LU
2026-06-13T05:30:00+00:00,5.67,1,DE_LU
2026-06-13T05:45:00+00:00,8.34,1,DE_LU
2026-06-13T06:00:00+00:00,16.76,1,DE_LU
2026-06-13T06:15:00+00:00,-4.88,1,DE_LU
2026-06-13T06:30:00+00:00,1.4,1,DE_LU
2026-06-13T06:45:00+00:00,-15.06,1,DE_LU
2026-06-13T07:00:00+00:00,-6.51,1,DE_LU
2026-06-13T07:15:00+00:00,9.81,1,DE_LU
2026-06-13T07:30:00+00:00,-8.07,1,DE_LU
2026-06-13T07:45:00+00:00,-3.42,1,DE_LU
2026-06-13T08:00:00+00:00,-9.41,1,DE_LU
2026-06-13T08:15:00+00:00,4.82,1,DE_LU
2026-06-13T08:30:00+00:00,-1.54,1,DE_LU
2026-06-13T08:45:00+00:00,-18.41,1,DE_LU
2026-06-13T09:00:00+00:00,-15.44,1,DE_LU
2026-06-13T09:15:00+00:00,-14.99,1,DE_LU
2026-06-13T09:30:00+00:00,-16.38,1,DE_LU
2026-06-13T09:45:00+00:00,-35.74,1,DE_LU
2026-06-13T10:00:00+00:00,-20.88,1,DE_LU
2026-06-13T10:15:00+00:00,-26.49,1,DE_LU
2026-06-13T10:30:00+00:00,-34.18,1,DE_LU
2026-06-13T10:45:00+00:00,-46.41,1,DE_LU
2026-06-13T11:00:00+00:00,-34.84,1,DE_LU
2026-06-13T11:15:00+00:00,-41.84,1,DE_LU
2026-06-13T11:30:00+00:00,-58.09,1,DE_LU
2026-06-13T11:45:00+00:00,-60.99,1,DE_LU
2026-06-13T12:00:00+00:00,-63.74,1,DE_LU
2026-06-13T12:15:00+00:00,-52.59,1,DE_LU
2026-06-13T12:30:00+00:00,-46.28,1,DE_LU
2026-06-13T12:45:00+00:00,-56.82,1,DE_LU
2026-06-13T13:00:00+00:00,-45.83,1,DE_LU
2026-06-13T13:15:00+00:00,-45.29,1,DE_LU
2026-06-13T13:30:00+00:00,-36.58,1,DE_LU
2026-06-13T13:45:00+00:00,-30.45,1,DE_LU
2026-06-13T14:00:00+00:00,-30.54,1,DE_LU
2026-06-13T14:15:00+00:00,-22.7,1,DE_LU
2026-06-13T14:30:00+00:00,-18.88,1,DE_LU
2026-06-13T14:45:00+00:00,-7.34,1,DE_LU
2026-06-13T15:00:00+00:00,-4.36,1,DE_LU
2026-06-13T15:15:00+00:00,-21.09,1,DE_LU
2026-06-13T15:30:00+00:00,-10.78,1,DE_LU
2026-06-13T15:45:00+00:00,-0.62,1,DE_LU
2026-06-13T16:00:00+00:00,15.58,1,DE_LU
2026-06-13T16:15:00+00:00,-9.09,1,DE_LU
2026-06-13T16:30:00+00:00,14.34,1,DE_LU
2026-06-13T16:45:00+00:00,11.51,1,DE_LU
2026-06-13T17:00:00+00:00,3.6,1,DE_LU
2026-06-13T17:15:00+00:00,13.73,1,DE_LU
2026-06-13T17:30:00+00:00,62.06,1,DE_LU
2026-06-13T17:45:00+00:00,54.0,1,DE_LU
2026-06-13T18:00:00+00:00,54.18,1,DE_LU
2026-06-13T18:15:00+00:00,76.93,1,DE_LU
2026-06-13T18:30:00+00:00,81.97,1,DE_LU
2026-06-13T18:45:00+00:00,103.49,1,DE_LU
2026-06-13T19:00:00+00:00,97.73,1,DE_LU
2026-06-13T19:15:00+00:00,99.5,1,DE_LU
2026-06-13T19:30:00+00:00,92.34,1,DE_LU
2026-06-13T19:45:00+00:00,106.86,1,DE_LU
2026-06-13T20:00:00+00:00,105.75,1,DE_LU
2026-06-13T20:15:00+00:00,97.67,1,DE_LU
2026-06-13T20:30:00+00:00,104.78,1,DE_LU
2026-06-13T20:45:00+00:00,75.91,1,DE_LU
2026-06-13T21:00:00+00:00,98.55,1,DE_LU
2026-06-13T21:15:00+00:00,91.14,1,DE_LU
2026-06-13T21:30:00+00:00,104.06,1,DE_LU
2026-06-13T21:45:00+00:00,79.28,1,DE_LU
2026-06-13T22:00:00+00:00,78.13,1,DE_LU
2026-06-13T22:15:00+00:00,82.59,1,DE_LU
2026-06-13T22:30:00+00:00,64.98,1,DE_LU
2026-06-13T22:45:00+00:00,47.65,1,DE_LU
2026-06-13T23:00:00+00:00,58.15,1,DE_LU
2026-06-13T23:15:00+00:00,44.76,1,DE_LU
2026-06-13T23:30:00+00:00,53.89,1,DE_LU
2026-06-13T23:45:00+00:00,40.95,1,DE_LU
2026-06-14T00:00:00+00:00,34.46,1,DE_LU
2026-06-14T00:15:00+00:00,31.89,1,DE_LU
2026-06-14T00:30:00+00:00,23.61,1,DE_LU
2026-06-14T00:45:00+00:00,31.45,1,DE_LU
2026-06-14T01:00:00+00:00,42.46,1,DE_LU
2026-06-14T01:15:00+00:00,25.33,1,DE_LU
2026-06-14T01:30:00+00:00,33.6,1,DE_LU
2026-06-14T01:45:00+00:00,32.76,1,DE_LU
2026-06-14T02:00:00+00:00,24.22,1,DE_LU
2026-06-14T02:15:00+00:00,28.91,1,DE_LU
2026-06-14T02:30:00+00:00,39.24,1,DE_LU
2026-06-14T02:45:00+00:00,20.67,1,DE_LU
2026-06-14T03:00:00+00:00,27.0,1,DE_LU
2026-06-14T03:15:00+00:00,26.84,1,DE_LU
2026-06-14T03:30:00+00:00,19.62,1,DE_LU
2026-06-14T03:45:00+00:00,15.37,1,DE_LU
2026-06-14T04:00:00+00:00,8.92,1,DE_LU
2026-06-14T04:15:00+00:00,3.69,1,DE_LU
2026-06-14T04:30:00+00:00,16.15,1,DE_LU
2026-06-14T04:45:00+00:00,6.93,1,DE_LU
2026-06-14T05:00:00+00:00,8.01,1,DE_LU
2026-06-14T05:15:00+00:00,-8.11,1,DE_LU
2026-06-14T05:30:00+00:00,-1.09,1,DE_LU
2026-06-14T05:45:00+00:00,-7.41,1,DE_LU
2026-06-14T06:00:00+00:00,-3.46,1,DE_LU
2026-06-14T06:15:00+00:00,-2.78,1,DE_LU
2026-06-14T06:30:00+00:00,4.69,1,DE_LU
2026-06-14T06:45:00+00:00,-6.34,1,DE_LU
2026-06-14T07:00:00+00:00,3.86,1,DE_LU
2026-06-14T07:15:00+00:00,-2.98,1,DE_LU
2026-06-14T07:30:00+00:00,1.82,1,DE_LU
2026-06-14T07:45:00+00:00,-7.26,1,DE_LU
2026-06-14T08:00:00+00:00,3.49,1,DE_LU
2026-06-14T08:15:00+00:00,1.38,1,DE_LU
2026-06-14T08:30:00+00:00,-12.29,1,DE_LU
2026-06-14T08:45:00+00:00,-13.78,1,DE_LU
2026-06-14T09:00:00+00:00,-15.01,1,DE_LU
2026-06-14T09:15:00+00:00,-6.34,1,DE_LU
2026-06-14T09:30:00+00:00,-11.29,1,DE_LU
2026-06-14T09:45:00+00:00,-11.95,1,DE_LU
2026-06-14T10:00:00+00:00,-11.89,1,DE_LU
2026-06-14T10:15:00+00:00,-13.78,1,DE_LU
2026-06-14T10:30:00+00:00,-29.93,1,DE_LU
2026-06-14T10:45:00+00:00,-31.64,1,DE_LU
2026-06-14T11:00:00+00:00,-36.87,1,DE_LU
2026-06-14T11:15:00+00:00,-23.38,1,DE_LU
2026-06-14T11:30:00+00:00,-42.61,1,DE_LU
2026-06-14T11:45:00+00:00,-32.82,1,DE_LU
2026-06-14T12:00:00+00:00,-45.72,1,DE_LU
2026-06-14T12:15:00+00:00,-42.98,1,DE_LU
2026-06-14T12:30:00+00:00,-36.45,1,DE_LU
2026-06-14T12:45:00+00:00,-41.56,1,DE_LU
2026-06-14T13:00:00+00:00,-19.89,1,DE_LU
2026-06-14T13:15:00+00:00,-27.59,1,DE_LU
2026-06-14T13:30:00+00:00,-27.97,1,DE_LU
2026-06-14T13:45:00+00:00,-29.87,1,DE_LU
2026-06-14T14:00:00+00:00,-7.54,1,DE_LU
2026-06-14T14:15:00+00:00,-14.16,1,DE_LU
2026-06-14T14:30:00+00:00,-0.88,1,DE_LU
2026-06-14T14:45:00+00:00,-13.29,1,DE_LU
2026-06-14T15:00:00+00:00,-5.92,1,DE_LU
2026-06-14T15:15:00+00:00,-3.47,1,DE_LU
2026-06-14T15:30:00+00:00,4.04,1,DE_LU
2026-06-14T15:45:00+00:00,6.12,1,DE_LU
2026-06-14T16:00:00+00:00,-1.62,1,DE_LU
2026-06-14T16:15:00+00:00,2.38,1,DE_LU
2026-06-14T16:30:00+00:00,11.49,1,DE_LU
2026-06-14T16:45:00+00:00,29.44,1,DE_LU
2026-06-14T17:00:00+00:00,30.86,1,DE_LU
2026-06-14T17:15:00+00:00,34.45,1,DE_LU
2026-06-14T17:30:00+00:00,90.14,1,DE_LU
2026-06-14T17:45:00+00:00,104.39,1,DE_LU
2026-06-14T18:00:00+00:00,101.27,1,DE_LU
2026-06-14T18:15:00+00:00,98.62,1,DE_LU
2026-06-14T18:30:00+00:00,110.82,1,DE_LU
2026-06-14T18:45:00+00:00,108.55,1,DE_LU
2026-06-14T19:00:00+00:00,104.49,1,DE_LU
2026-06-14T19:15:00+00:00,111.09,1,DE_LU
2026-06-14T19:30:00+00:00,114.84,1,DE_LU
2026-06-14T19:45:00+00:00,122.4,1,DE_LU
2026-06-14T20:00:00+00:00,122.73,1,DE_LU
2026-06-14T20:15:00+00:00,109.85,1,DE_LU
2026-06-14T20:30:00+00:00,98.32,1,DE_LU
2026-06-14T20:45:00+00:00,116.55,1,DE_LU
2026-06-14T21:00:00+00:00,98.6,1,DE_LU
2026-06-14T21:15:00+00:00,99.42,1,DE_LU
2026-06-14T21:30:00+00:00,96.87,1,DE_LU
2026-06-14T21:45:00+00:00,95.75,1,DE_LU
2026-06-14T22:00:00+00:00,115.98,1,DE_LU
2026-06-14T22:15:00+00:00,111.57,1,DE_LU
2026-06-14T22:30:00+00:00,99.97,1,DE_LU
2026-06-14T22:45:00+00:00,79.42,1,DE_LU
2026-06-14T23:00:00+00:00,92.2,1,DE_LU
2026-06-14T23:15:00+00:00,104.15,1,DE_LU
2026-06-14T23:30:00+00:00,85.37,1,DE_LU
2026-06-14T23:45:00+00:00,78.46,1,DE_LU
2026-06-15T00:00:00+00:00,91.31,1,DE_LU
2026-06-15T00:15:00+00:00,81.38,1,DE_LU
2026-06-15T00:30:00+00:00,95.46,1,DE_LU
2026-06-15T00:45:00+00:00,87.48,1,DE_LU
2026-06-15T01:00:00+00:00,95.08,1,DE_LU
2026-06-15T01:15:00+00:00,80.36,1,DE_LU
2026-06-15T01:30:00+00:00,79.91,1,DE_LU
2026-06-15T01:45:00+00:00,78.52,1,DE_LU
2026-06-15T02:00:00+00:00,73.85,1,DE_LU
2026-06-15T02:15:00+00:00,71.58,1,DE_LU
2026-06-15T02:30:00+00:00,79.39,1,DE_LU
2026-06-15T02:45:00+00:00,89.2,1,DE_LU
2026-06-15T03:00:00+00:00,78.1,1,DE_LU
2026-06-15T03:15:00+00:00,94.86,1,DE_LU
2026-06-15T03:30:00+00:00,94.42,1,DE_LU
2026-06-15T03:45:00+00:00,108.03,1,DE_LU
2026-06-15T04:00:00+00:00,92.63,1,DE_LU
2026-06-15T04:15:00+00:00,103.91,1,DE_LU
2026-06-15T04:30:00+00:00,92.23,1,DE_LU
2026-06-15T04:45:00+00:00,101.07,1,DE_LU
2026-06-15T05:00:00+00:00,120.62,1,DE_LU
2026-06-15T05:15:00+00:00,109.23,1,DE_LU
2026-06-15T05:30:00+00:00,87.73,1,DE_LU
2026-06-15T05:45:00+00:00,97.67,1,DE_LU
2026-06-15T06:00:00+00:00,111.41,1,DE_LU
2026-06-15T06:15:00+00:00,102.82,1,DE_LU
2026-06-15T06:30:00+00:00,84.04,1,DE_LU
2026-06-15T06:45:00+00:00,74.34,1,DE_LU
2026-06-15T07:00:00+00:00,98.58,1,DE_LU
2026-06-15T07:15:00+00:00,85.44,1,DE_LU
2026-06-15T07:30:00+00:00,60.69,1,DE_LU
2026-06-15T07:45:00+00:00,30.73,1,DE_LU
2026-06-15T08:00:00+00:00,54.58,1,DE_LU
2026-06-15T08:15:00+00:00,29.05,1,DE_LU
2026-06-15T08:30:00+00:00,22.4,1,DE_LU
2026-06-15T08:45:00+00:00,-8.01,1,DE_LU
2026-06-15T09:00:00+00:00,-3.96,1,DE_LU
2026-06-15T09:15:00+00:00,0.81,1,DE_LU
2026-06-15T09:30:00+00:00,-3.91,1,DE_LU
2026-06-15T09:45:00+00:00,-25.43,1,DE_LU
2026-06-15T10:00:00+00:00,-12.93,1,DE_LU
2026-06-15T10:15:00+00:00,-4.88,1,DE_LU
2026-06-15T10:30:00+00:00,-0.82,1,DE_LU
2026-06-15T10:45:00+00:00,4.42,1,DE_LU
2026-06-15T11:00:00+00:00,-8.0,1,DE_LU
2026-06-15T11:15:00+00:00,-2.36,1,DE_LU
2026-06-15T11:30:00+00:00,-15.84,1,DE_LU
2026-06-15T11:45:00+00:00,-5.1,1,DE_LU
2026-06-15T12:00:00+00:00,0.44,1,DE_LU
2026-06-15T12:15:00+00:00,-16.14,1,DE_LU
2026-06-15T12:30:00+00:00,-9.61,1,DE_LU
2026-06-15T12:45:00+00:00,-8.85,1,DE_LU
2026-06-15T13:00:00+00:00,-14.26,1,DE_LU
2026-06-15T13:15:00+00:00,-14.32,1,DE_LU
2026-06-15T13:30:00+00:00,-2.9,1,DE_LU
2026-06-15T13:45:00+00:00,3.33,1,DE_LU
2026-06-15T14:00:00+00:00,9.64,1,DE_LU
2026-06-15T14:15:00+00:00,2.76,1,DE_LU
2026-06-15T14:30:00+00:00,-9.78,1,DE_LU
2026-06-15T14:45:00+00:00,-3.52,1,DE_LU
2026-06-15T15:00:00+00:00,-2.28,1,DE_LU
2026-06-15T15:15:00+00:00,25.25,1,DE_LU
2026-06-15T15:30:00+00:00,46.12,1,DE_LU
2026-06-15T15:45:00+00:00,95.02,1,DE_LU
2026-06-15T16:00:00+00:00,44.05,1,DE_LU
2026-06-15T16:15:00+00:00,80.2,1,DE_LU
2026-06-15T16:30:00+00:00,116.59,1,DE_LU
2026-06-15T16:45:00+00:00,143.15,1,DE_LU
2026-06-15T17:00:00+00:00,105.45,1,DE_LU
2026-06-15T17:15:00+00:00,122.11,1,DE_LU
2026-06-15T17:30:00+00:00,138.64,1,DE_LU
2026-06-15T17:45:00+00:00,160.0,1,DE_LU
2026-06-15T18:00:00+00:00,142.09,1,DE_LU
2026-06-15T18:15:00+00:00,143.96,1,DE_LU
2026-06-15T18:30:00+00:00,148.38,1,DE_LU
2026-06-15T18:45:00+00:00,186.15,1,DE_LU
2026-06-15T19:00:00+00:00,165.92,1,DE_LU
2026-06-15T19:15:00+00:00,165.92,1,DE_LU
2026-06-15T19:30:00+00:00,161.76,1,DE_LU
2026-06-15T19:45:00+00:00,152.15,1,DE_LU
2026-06-15T20:00:00+00:00,171.73,1,DE_LU
2026-06-15T20:15:00+00:00,163.7,1,DE_LU
2026-06-15T20:30:00+00:00,158.99,1,DE_LU
2026-06-15T20:45:00+00:00,140.98,1,DE_LU
2026-06-15T21:00:00+00:00,138.63,1,DE_LU
2026-06-15T21:15:00+00:00,134.49,1,DE_LU
2026-06-15T21:30:00+00:00,130.09,1,DE_LU
2026-06-15T21:45:00+00:00,131.46,1,DE_LU
2026-06-15T22:00:00+00:00,130.1,1,DE_LU
2026-06-15T22:15:00+00:00,130.97,1,DE_LU
2026-06-15T22:30:00+00:00,114.31,1,DE_LU
2026-06-15T22:45:00+00:00,107.24,1,DE_LU
2026-06-15T23:00:00+00:00,114.12,1,DE_LU
2026-06-15T23:15:00+00:00,116.51,1,DE_LU
2026-06-15T23:30:00+00:00,117.39,1,DE_LU
2026-06-15T23:45:00+00:00,116.15,1,DE_LU
2026-06-16T00:00:00+00:00,109.4,1,DE_LU
2026-06-16T00:15:00+00:00,114.0,1,DE_LU
2026-06-16T00:30:00+00:00,103.13,1,DE_LU
2026-06-16T00:45:00+00:00,103.8,1,DE_LU
2026-06-16T01:00:00+00:00,121.05,1,DE_LU
2026-06-16T01:15:00+00:00,123.07,1,DE_LU
2026-06-16T01:30:00+00:00,102.89,1,DE_LU
2026-06-16T01:45:00+00:00,116.27,1,DE_LU
2026-06-16T02:00:00+00:00,108.51,1,DE_LU
2026-06-16T02:15:00+00:00,104.3,1,DE_LU
2026-06-16T02:30:00+00:00,102.79,1,DE_LU
2026-06-16T02:45:00+00:00,103.75,1,DE_LU
2026-06-16T03:00:00+00:00,126.47,1,DE_LU
2026-06-16T03:15:00+00:00,99.25,1,DE_LU
2026-06-16T03:30:00+00:00,122.62,1,DE_LU
2026-06-16T03:45:00+00:00,110.06,1,DE_LU
2026-06-16T04:00:00+00:00,118.94,1,DE_LU
2026-06-16T04:15:00+00:00,131.36,1,DE_LU
2026-06-16T04:30:00+00:00,133.25,1,DE_LU
2026-06-16T04:45:00+00:00,134.41,1,DE_LU
2026-06-16T05:00:00+00:00,143.82,1,DE_LU
2026-06-16T05:15:00+00:00,142.04,1,DE_LU
2026-06-16T05:30:00+00:00,131.15,1,DE_LU
2026-06-16T05:45:00+00:00,137.25,1,DE_LU
2026-06-16T06:00:00+00:00,141.98,1,DE_LU
2026-06-16T06:15:00+00:00,123.39,1,DE_LU
2026-06-16T06:30:00+00:00,111.38,1,DE_LU
2026-06-16T06:45:00+00:00,110.15,1,DE_LU
2026-06-16T07:00:00+00:00,116.95,1,DE_LU
2026-06-16T07:15:00+00:00,112.04,1,DE_LU
2026-06-16T07:30:00+00:00,106.08,1,DE_LU
2026-06-16T07:45:00+00:00,111.76,1,DE_LU
2026-06-16T08:00:00+00:00,96.06,1,DE_LU
2026-06-16T08:15:00+00:00,91.72,1,DE_LU
2026-06-16T08:30:00+00:00,82.96,1,DE_LU
2026-06-16T08:45:00+00:00,70.09,1,DE_LU
2026-06-16T09:00:00+00:00,87.47,1,DE_LU
2026-06-16T09:15:00+00:00,66.0,1,DE_LU
2026-06-16T09:30:00+00:00,66.08,1,DE_LU
2026-06-16T09:45:00+00:00,57.46,1,DE_LU
2026-06-16T10:00:00+00:00,72.29,1,DE_LU
2026-06-16T10:15:00+00:00,64.39,1,DE_LU
2026-06-16T10:30:00+00:00,60.1,1,DE_LU
2026-06-16T10:45:00+00:00,64.14,1,DE_LU
2026-06-16T11:00:00+00:00,63.29,1,DE_LU
2026-06-16T11:15:00+00:00,51.56,1,DE_LU
2026-06-16T11:30:00+00:00,50.87,1,DE_LU
2026-06-16T11:45:00+00:00,41.29,1,DE_LU
2026-06-16T12:00:00+00:00,37.28,1,DE_LU
2026-06-16T12:15:00+00:00,33.47,1,DE_LU
2026-06-16T12:30:00+00:00,55.51,1,DE_LU
2026-06-16T12:45:00+00:00,53.87,1,DE_LU
2026-06-16T13:00:00+00:00,43.61,1,DE_LU
2026-06-16T13:15:00+00:00,55.96,1,DE_LU
2026-06-16T13:30:00+00:00,58.67,1,DE_LU
2026-06-16T13:45:00+00:00,69.64,1,DE_LU
2026-06-16T14:00:00+00:00,62.3,1,DE_LU
2026-06-16T14:15:00+00:00,73.99,1,DE_LU
2026-06-16T14:30:00+00:00,86.63,1,DE_LU
2026-06-16T14:45:00+00:00,98.75,1,DE_LU
2026-06-16T15:00:00+00:00,104.59,1,DE_LU
2026-06-16T15:15:00+00:00,111.26,1,DE_LU
2026-06-16T15:30:00+00:00,121.87,1,DE_LU
2026-06-16T15:45:00+00:00,122.49,1,DE_LU
2026-06-16T16:00:00+00:00,129.75,1,DE_LU
2026-06-16T16:15:00+00:00,133.39,1,DE_LU
2026-06-16T16:30:00+00:00,133.39,1,DE_LU
2026-06-16T16:45:00+00:00,152.31,1,DE_LU
2026-06-16T17:00:00+00:00,139.81,1,DE_LU
2026-06-16T17:15:00+00:00,152.22,1,DE_LU
2026-06-16T17:30:00+00:00,164.28,1,DE_LU
2026-06-16T17:45:00+00:00,173.35,1,DE_LU
2026-06-16T18:00:00+00:00,145.79,1,DE_LU
2026-06-16T18:15:00+00:00,183.37,1,DE_LU
2026-06-16T18:30:00+00:00,180.65,1,DE_LU
2026-06-16T18:45:00+00:00,194.32,1,DE_LU
2026-06-16T19:00:00+00:00,188.81,1,DE_LU
2026-06-16T19:15:00+00:00,180.73,1,DE_LU
2026-06-16T19:30:00+00:00,182.75,1,DE_LU
2026-06-16T19:45:00+00:00,184.29,1,DE_LU
2026-06-16T20:00:00+00:00,194.2,1,DE_LU
2026-06-16T20:15:00+00:00,172.68,1,DE_LU
2026-06-16T20:30:00+00:00,147.32,1,DE_LU
2026-06-16T20:45:00+00:00,137.17,1,DE_LU
2026-06-16T21:00:00+00:00,168.16,1,DE_LU
2026-06-16T21:15:00+00:00,152.47,1,DE_LU
2026-06-16T21:30:00+00:00,135.67,1,DE_LU
2026-06-16T21:45:00+00:00,133.09,1,DE_LU
2026-06-16T22:00:00+00:00,156.99,1,DE_LU
2026-06-16T22:15:00+00:00,148.78,1,DE_LU
2026-06-16T22:30:00+00:00,146.61,1,DE_LU
2026-06-16T22:45:00+00:00,126.4,1,DE_LU
2026-06-16T23:00:00+00:00,155.96,1,DE_LU
2026-06-16T23:15:00+00:00,134.42,1,DE_LU
2026-06-16T23:30:00+00:00,131.4,1,DE_LU
2026-06-16T23:45:00+00:00,127.4,1,DE_LU
2026-06-17T00:00:00+00:00,131.66,1,DE_LU
2026-06-17T00:15:00+00:00,137.46,1,DE_LU
2026-06-17T00:30:00+00:00,127.75,1,DE_LU
2026-06-17T00:45:00+00:00,120.18,1,DE_LU
2026-06-17T01:00:00+00:00,133.61,1,DE_LU
2026-06-17T01:15:00+00:00,130.74,1,DE_LU
2026-06-17T01:30:00+00:00,118.89,1,DE_LU
2026-06-17T01:45:00+00:00,120.01,1,DE_LU
2026-06-17T02:00:00+00:00,128.7,1,DE_LU
2026-06-17T02:15:00+00:00,126.14,1,DE_LU
2026-06-17T02:30:00+00:00,117.92,1,DE_LU
2026-06-17T02:45:00+00:00,137.3,1,DE_LU
2026-06-17T03:00:00+00:00,130.86,1,DE_LU
2026-06-17T03:15:00+00:00,131.9,1,DE_LU
2026-06-17T03:30:00+00:00,121.71,1,DE_LU
2026-06-17T03:45:00+00:00,123.83,1,DE_LU
2026-06-17T04:00:00+00:00,144.63,1,DE_LU
2026-06-17T04:15:00+00:00,149.58,1,DE_LU
2026-06-17T04:30:00+00:00,146.03,1,DE_LU
2026-06-17T04:45:00+00:00,138.55,1,DE_LU
2026-06-17T05:00:00+00:00,158.18,1,DE_LU
2026-06-17T05:15:00+00:00,130.54,1,DE_LU
2026-06-17T05:30:00+00:00,124.59,1,DE_LU
2026-06-17T05:45:00+00:00,121.93,1,DE_LU
2026-06-17T06:00:00+00:00,155.46,1,DE_LU
2026-06-17T06:15:00+00:00,126.0,1,DE_LU
2026-06-17T06:30:00+00:00,117.46,1,DE_LU
2026-06-17T06:45:00+00:00,112.85,1,DE_LU
2026-06-17T07:00:00+00:00,125.71,1,DE_LU
2026-06-17T07:15:00+00:00,102.85,1,DE_LU
2026-06-17T07:30:00+00:00,91.12,1,DE_LU
2026-06-17T07:45:00+00:00,98.17,1,DE_LU
2026-06-17T08:00:00+00:00,112.77,1,DE_LU
2026-06-17T08:15:00+00:00,93.68,1,DE_LU
2026-06-17T08:30:00+00:00,78.63,1,DE_LU
2026-06-17T08:45:00+00:00,76.79,1,DE_LU
2026-06-17T09:00:00+00:00,81.74,1,DE_LU
2026-06-17T09:15:00+00:00,73.39,1,DE_LU
2026-06-17T09:30:00+00:00,57.66,1,DE_LU
2026-06-17T09:45:00+00:00,68.48,1,DE_LU
2026-06-17T10:00:00+00:00,72.2,1,DE_LU
2026-06-17T10:15:00+00:00,70.23,1,DE_LU
2026-06-17T10:30:00+00:00,65.98,1,DE_LU
2026-06-17T10:45:00+00:00,56.46,1,DE_LU
2026-06-17T11:00:00+00:00,71.59,1,DE_LU
2026-06-17T11:15:00+00:00,59.84,1,DE_LU
2026-06-17T11:30:00+00:00,44.69,1,DE_LU
2026-06-17T11:45:00+00:00,44.11,1,DE_LU
2026-06-17T12:00:00+00:00,59.84,1,DE_LU
2026-06-17T12:15:00+00:00,64.99,1,DE_LU
2026-06-17T12:30:00+00:00,56.88,1,DE_LU
2026-06-17T12:45:00+00:00,69.7,1,DE_LU
2026-06-17T13:00:00+00:00,72.35,1,DE_LU
2026-06-17T13:15:00+00:00,63.54,1,DE_LU
2026-06-17T13:30:00+00:00,78.75,1,DE_LU
2026-06-17T13:45:00+00:00,81.65,1,DE_LU
2026-06-17T14:00:00+00:00,69.94,1,DE_LU
2026-06-17T14:15:00+00:00,80.72,1,DE_LU
2026-06-17T14:30:00+00:00,98.65,1,DE_LU
2026-06-17T14:45:00+00:00,100.11,1,DE_LU
2026-06-17T15:00:00+00:00,88.94,1,DE_LU
2026-06-17T15:15:00+00:00,100.52,1,DE_LU
2026-06-17T15:30:00+00:00,115.96,1,DE_LU
2026-06-17T15:45:00+00:00,128.13,1,DE_LU
2026-06-17T16:00:00+00:00,124.6,1,DE_LU
2026-06-17T16:15:00+00:00,121.6,1,DE_LU
2026-06-17T16:30:00+00:00,142.48,1,DE_LU
2026-06-17T16:45:00+00:00,137.73,1,DE_LU
2026-06-17T17:00:00+00:00,138.94,1,DE_LU
2026-06-17T17:15:00+00:00,150.43,1,DE_LU
2026-06-17T17:30:00+00:00,154.19,1,DE_LU
2026-06-17T17:45:00+00:00,160.32,1,DE_LU
2026-06-17T18:00:00+00:00,155.69,1,DE_LU
2026-06-17T18:15:00+00:00,151.07,1,DE_LU
2026-06-17T18:30:00+00:00,185.32,1,DE_LU
2026-06-17T18:45:00+00:00,178.09,1,DE_LU
2026-06-17T19:00:00+00:00,167.32,1,DE_LU
2026-06-17T19:15:00+00:00,176.56,1,DE_LU
2026-06-17T19:30:00+00:00,179.36,1,DE_LU
2026-06-17T19:45:00+00:00,159.55,1,DE_LU
2026-06-17T20:00:00+00:00,169.98,1,DE_LU
2026-06-17T20:15:00+00:00,156.01,1,DE_LU
2026-06-17T20:30:00+00:00,154.88,1,DE_LU
2026-06-17T20:45:00+00:00,142.55,1,DE_LU
2026-06-17T21:00:00+00:00,158.14,1,DE_LU
2026-06-17T21:15:00+00:00,159.35,1,DE_LU
2026-06-17T21:30:00+00:00,132.15,1,DE_LU
2026-06-17T21:45:00+00:00,134.9,1,DE_LU
2026-06-17T22:00:00+00:00,146.24,1,DE_LU
2026-06-17T22:15:00+00:00,126.54,1,DE_LU
2026-06-17T22:30:00+00:00,136.07,1,DE_LU
2026-06-17T22:45:00+00:00,135.54,1,DE_LU
2026-06-17T23:00:00+00:00,129.6,1,DE_LU
2026-06-17T23:15:00+00:00,131.3,1,DE_LU
2026-06-17T23:30:00+00:00,124.18,1,DE_LU
2026-06-17T23:45:00+00:00,116.96,1,DE_LU
2026-06-18T00:00:00+00:00,119.49,1,DE_LU
2026-06-18T00:15:00+00:00,129.46,1,DE_LU
2026-06-18T00:30:00+00:00,134.37,1,DE_LU
2026-06-18T00:45:00+00:00,120.91,1,DE_LU
2026-06-18T01:00:00+00:00,116.4,1,DE_LU
2026-06-18T01:15:00+00:00,122.63,1,DE_LU
2026-06-18T01:30:00+00:00,123.19,1,DE_LU
2026-06-18T01:45:00+00:00,111.01,1,DE_LU
2026-06-18T02:00:00+00:00,123.33,1,DE_LU
2026-06-18T02:15:00+00:00,122.25,1,DE_LU
2026-06-18T02:30:00+00:00,116.89,1,DE_LU
2026-06-18T02:45:00+00:00,111.72,1,DE_LU
2026-06-18T03:00:00+00:00,123.94,1,DE_LU
2026-06-18T03:15:00+00:00,123.95,1,DE_LU
2026-06-18T03:30:00+00:00,133.42,1,DE_LU
2026-06-18T03:45:00+00:00,129.54,1,DE_LU
2026-06-18T04:00:00+00:00,136.71,1,DE_LU
2026-06-18T04:15:00+00:00,143.17,1,DE_LU
2026-06-18T04:30:00+00:00,137.37,1,DE_LU
2026-06-18T04:45:00+00:00,139.19,1,DE_LU
2026-06-18T05:00:00+00:00,141.12,1,DE_LU
2026-06-18T05:15:00+00:00,132.07,1,DE_LU
2026-06-18T05:30:00+00:00,138.08,1,DE_LU
2026-06-18T05:45:00+00:00,118.63,1,DE_LU
2026-06-18T06:00:00+00:00,121.84,1,DE_LU
2026-06-18T06:15:00+00:00,120.12,1,DE_LU
2026-06-18T06:30:00+00:00,113.13,1,DE_LU
2026-06-18T06:45:00+00:00,102.63,1,DE_LU
2026-06-18T07:00:00+00:00,111.38,1,DE_LU
2026-06-18T07:15:00+00:00,104.49,1,DE_LU
2026-06-18T07:30:00+00:00,100.9,1,DE_LU
2026-06-18T07:45:00+00:00,88.29,1,DE_LU
2026-06-18T08:00:00+00:00,99.7,1,DE_LU
2026-06-18T08:15:00+00:00,88.93,1,DE_LU
2026-06-18T08:30:00+00:00,70.1,1,DE_LU
2026-06-18T08:45:00+00:00,51.4,1,DE_LU
2026-06-18T09:00:00+00:00,61.4,1,DE_LU
2026-06-18T09:15:00+00:00,46.26,1,DE_LU
2026-06-18T09:30:00+00:00,27.07,1,DE_LU
2026-06-18T09:45:00+00:00,17.18,1,DE_LU
2026-06-18T10:00:00+00:00,23.65,1,DE_LU
2026-06-18T10:15:00+00:00,20.22,1,DE_LU
2026-06-18T10:30:00+00:00,20.18,1,DE_LU
2026-06-18T10:45:00+00:00,3.53,1,DE_LU
2026-06-18T11:00:00+00:00,12.15,1,DE_LU
2026-06-18T11:15:00+00:00,19.49,1,DE_LU
2026-06-18T11:30:00+00:00,4.82,1,DE_LU
2026-06-18T11:45:00+00:00,1.63,1,DE_LU
2026-06-18T12:00:00+00:00,20.05,1,DE_LU
2026-06-18T12:15:00+00:00,28.96,1,DE_LU
2026-06-18T12:30:00+00:00,25.09,1,DE_LU
2026-06-18T12:45:00+00:00,29.76,1,DE_LU
2026-06-18T13:00:00+00:00,27.96,1,DE_LU
2026-06-18T13:15:00+00:00,26.19,1,DE_LU
2026-06-18T13:30:00+00:00,36.84,1,DE_LU
2026-06-18T13:45:00+00:00,68.19,1,DE_LU
2026-06-18T14:00:00+00:00,48.84,1,DE_LU
2026-06-18T14:15:00+00:00,88.37,1,DE_LU
2026-06-18T14:30:00+00:00,92.91,1,DE_LU
2026-06-18T14:45:00+00:00,105.36,1,DE_LU
2026-06-18T15:00:00+00:00,85.27,1,DE_LU
2026-06-18T15:15:00+00:00,95.86,1,DE_LU
2026-06-18T15:30:00+00:00,114.56,1,DE_LU
2026-06-18T15:45:00+00:00,135.63,1,DE_LU
2026-06-18T16:00:00+00:00,116.26,1,DE_LU
2026-06-18T16:15:00+00:00,133.32,1,DE_LU
2026-06-18T16:30:00+00:00,155.47,1,DE_LU
2026-06-18T16:45:00+00:00,169.91,1,DE_LU
2026-06-18T17:00:00+00:00,160.91,1,DE_LU
2026-06-18T17:15:00+00:00,184.47,1,DE_LU
2026-06-18T17:30:00+00:00,291.77,1,DE_LU
2026-06-18T17:45:00+00:00,408.55,1,DE_LU
2026-06-18T18:00:00+00:00,327.2,1,DE_LU
2026-06-18T18:15:00+00:00,392.86,1,DE_LU
2026-06-18T18:30:00+00:00,498.57,1,DE_LU
2026-06-18T18:45:00+00:00,545.33,1,DE_LU
2026-06-18T19:00:00+00:00,533.99,1,DE_LU
2026-06-18T19:15:00+00:00,512.21,1,DE_LU
2026-06-18T19:30:00+00:00,385.83,1,DE_LU
2026-06-18T19:45:00+00:00,349.58,1,DE_LU
2026-06-18T20:00:00+00:00,399.52,1,DE_LU
2026-06-18T20:15:00+00:00,290.61,1,DE_LU
2026-06-18T20:30:00+00:00,200.24,1,DE_LU
2026-06-18T20:45:00+00:00,160.06,1,DE_LU
2026-06-18T21:00:00+00:00,185.41,1,DE_LU
2026-06-18T21:15:00+00:00,164.39,1,DE_LU
2026-06-18T21:30:00+00:00,162.68,1,DE_LU
2026-06-18T21:45:00+00:00,149.71,1,DE_LU
2026-06-18T22:00:00+00:00,158.06,1,DE_LU
2026-06-18T22:15:00+00:00,136.55,1,DE_LU
2026-06-18T22:30:00+00:00,138.89,1,DE_LU
2026-06-18T22:45:00+00:00,153.31,1,DE_LU
2026-06-18T23:00:00+00:00,145.03,1,DE_LU
2026-06-18T23:15:00+00:00,140.92,1,DE_LU
2026-06-18T23:30:00+00:00,126.73,1,DE_LU
2026-06-18T23:45:00+00:00,120.02,1,DE_LU
2026-06-19T00:00:00+00:00,118.47,1,DE_LU
2026-06-19T00:15:00+00:00,125.15,1,DE_LU
2026-06-19T00:30:00+00:00,122.83,1,DE_LU
2026-06-19T00:45:00+00:00,109.02,1,DE_LU
2026-06-19T01:00:00+00:00,117.73,1,DE_LU
2026-06-19T01:15:00+00:00,117.82,1,DE_LU
2026-06-19T01:30:00+00:00,116.55,1,DE_LU
2026-06-19T01:45:00+00:00,102.17,1,DE_LU
2026-06-19T02:00:00+00:00,123.76,1,DE_LU
2026-06-19T02:15:00+00:00,119.0,1,DE_LU
2026-06-19T02:30:00+00:00,127.57,1,DE_LU
2026-06-19T02:45:00+00:00,114.65,1,DE_LU
2026-06-19T03:00:00+00:00,101.71,1,DE_LU
2026-06-19T03:15:00+00:00,112.43,1,DE_LU
2026-06-19T03:30:00+00:00,124.1,1,DE_LU
2026-06-19T03:45:00+00:00,128.96,1,DE_LU
2026-06-19T04:00:00+00:00,155.03,1,DE_LU
2026-06-19T04:15:00+00:00,154.02,1,DE_LU
2026-06-19T04:30:00+00:00,137.58,1,DE_LU
2026-06-19T04:45:00+00:00,126.49,1,DE_LU
2026-06-19T05:00:00+00:00,131.71,1,DE_LU
2026-06-19T05:15:00+00:00,138.84,1,DE_LU
2026-06-19T05:30:00+00:00,116.88,1,DE_LU
2026-06-19T05:45:00+00:00,121.58,1,DE_LU
2026-06-19T06:00:00+00:00,121.97,1,DE_LU
2026-06-19T06:15:00+00:00,109.62,1,DE_LU
2026-06-19T06:30:00+00:00,115.2,1,DE_LU
2026-06-19T06:45:00+00:00,83.06,1,DE_LU
2026-06-19T07:00:00+00:00,104.68,1,DE_LU
2026-06-19T07:15:00+00:00,98.58,1,DE_LU
2026-06-19T07:30:00+00:00,104.95,1,DE_LU
2026-06-19T07:45:00+00:00,74.88,1,DE_LU
2026-06-19T08:00:00+00:00,91.08,1,DE_LU
2026-06-19T08:15:00+00:00,69.63,1,DE_LU
2026-06-19T08:30:00+00:00,69.89,1,DE_LU
2026-06-19T08:45:00+00:00,42.18,1,DE_LU
2026-06-19T09:00:00+00:00,49.94,1,DE_LU
2026-06-19T09:15:00+00:00,42.08,1,DE_LU
2026-06-19T09:30:00+00:00,19.34,1,DE_LU
2026-06-19T09:45:00+00:00,6.9,1,DE_LU
2026-06-19T10:00:00+00:00,11.28,1,DE_LU
2026-06-19T10:15:00+00:00,6.3,1,DE_LU
2026-06-19T10:30:00+00:00,6.97,1,DE_LU
2026-06-19T10:45:00+00:00,1.24,1,DE_LU
2026-06-19T11:00:00+00:00,-0.8,1,DE_LU
2026-06-19T11:15:00+00:00,12.96,1,DE_LU
2026-06-19T11:30:00+00:00,-0.28,1,DE_LU
2026-06-19T11:45:00+00:00,-9.49,1,DE_LU
2026-06-19T12:00:00+00:00,6.47,1,DE_LU
2026-06-19T12:15:00+00:00,2.02,1,DE_LU
2026-06-19T12:30:00+00:00,13.26,1,DE_LU
2026-06-19T12:45:00+00:00,21.69,1,DE_LU
2026-06-19T13:00:00+00:00,4.34,1,DE_LU
2026-06-19T13:15:00+00:00,26.72,1,DE_LU
2026-06-19T13:30:00+00:00,46.7,1,DE_LU
2026-06-19T13:45:00+00:00,59.51,1,DE_LU
2026-06-19T14:00:00+00:00,47.15,1,DE_LU
2026-06-19T14:15:00+00:00,86.5,1,DE_LU
2026-06-19T14:30:00+00:00,76.67,1,DE_LU
2026-06-19T14:45:00+00:00,102.9,1,DE_LU
2026-06-19T15:00:00+00:00,100.7,1,DE_LU
2026-06-19T15:15:00+00:00,99.09,1,DE_LU
2026-06-19T15:30:00+00:00,113.12,1,DE_LU
2026-06-19T15:45:00+00:00,129.8,1,DE_LU
2026-06-19T16:00:00+00:00,116.14,1,DE_LU
2026-06-19T16:15:00+00:00,124.66,1,DE_LU
2026-06-19T16:30:00+00:00,150.16,1,DE_LU
2026-06-19T16:45:00+00:00,154.33,1,DE_LU
2026-06-19T17:00:00+00:00,156.31,1,DE_LU
2026-06-19T17:15:00+00:00,153.78,1,DE_LU
2026-06-19T17:30:00+00:00,191.1,1,DE_LU
2026-06-19T17:45:00+00:00,211.52,1,DE_LU
2026-06-19T18:00:00+00:00,202.59,1,DE_LU
2026-06-19T18:15:00+00:00,206.11,1,DE_LU
2026-06-19T18:30:00+00:00,209.43,1,DE_LU
2026-06-19T18:45:00+00:00,215.14,1,DE_LU
2026-06-19T19:00:00+00:00,197.31,1,DE_LU
2026-06-19T19:15:00+00:00,204.79,1,DE_LU
2026-06-19T19:30:00+00:00,183.37,1,DE_LU
2026-06-19T19:45:00+00:00,154.21,1,DE_LU
2026-06-19T20:00:00+00:00,173.2,1,DE_LU
2026-06-19T20:15:00+00:00,156.48,1,DE_LU
2026-06-19T20:30:00+00:00,147.3,1,DE_LU
2026-06-19T20:45:00+00:00,155.53,1,DE_LU
2026-06-19T21:00:00+00:00,153.75,1,DE_LU
2026-06-19T21:15:00+00:00,144.69,1,DE_LU
2026-06-19T21:30:00+00:00,130.28,1,DE_LU
2026-06-19T21:45:00+00:00,126.87,1,DE_LU
2026-06-19T22:00:00+00:00,138.03,1,DE_LU
2026-06-19T22:15:00+00:00,130.33,1,DE_LU
2026-06-19T22:30:00+00:00,138.72,1,DE_LU
2026-06-19T22:45:00+00:00,130.0,1,DE_LU
2026-06-19T23:00:00+00:00,124.04,1,DE_LU
2026-06-19T23:15:00+00:00,113.84,1,DE_LU
2026-06-19T23:30:00+00:00,107.56,1,DE_LU
2026-06-19T23:45:00+00:00,109.53,1,DE_LU
2026-06-20T00:00:00+00:00,130.61,1,DE_LU
2026-06-20T00:15:00+00:00,126.46,1,DE_LU
2026-06-20T00:30:00+00:00,114.44,1,DE_LU
2026-06-20T00:45:00+00:00,120.11,1,DE_LU
2026-06-20T01:00:00+00:00,120.86,1,DE_LU
2026-06-20T01:15:00+00:00,114.46,1,DE_LU
2026-06-20T01:30:00+00:00,107.99,1,DE_LU
2026-06-20T01:45:00+00:00,119.2,1,DE_LU
2026-06-20T02:00:00+00:00,110.75,1,DE_LU
2026-06-20T02:15:00+00:00,111.7,1,DE_LU
2026-06-20T02:30:00+00:00,128.4,1,DE_LU
2026-06-20T02:45:00+00:00,114.34,1,DE_LU
2026-06-20T03:00:00+00:00,111.01,1,DE_LU
2026-06-20T03:15:00+00:00,115.26,1,DE_LU
2026-06-20T03:30:00+00:00,94.99,1,DE_LU
2026-06-20T03:45:00+00:00,114.83,1,DE_LU
2026-06-20T04:00:00+00:00,102.65,1,DE_LU
2026-06-20T04:15:00+00:00,116.04,1,DE_LU
2026-06-20T04:30:00+00:00,97.55,1,DE_LU
2026-06-20T04:45:00+00:00,101.31,1,DE_LU
2026-06-20T05:00:00+00:00,110.85,1,DE_LU
2026-06-20T05:15:00+00:00,111.54,1,DE_LU
2026-06-20T05:30:00+00:00,99.82,1,DE_LU
2026-06-20T05:45:00+00:00,85.87,1,DE_LU
2026-06-20T06:00:00+00:00,113.78,1,DE_LU
2026-06-20T06:15:00+00:00,79.45,1,DE_LU
2026-06-20T06:30:00+00:00,84.21,1,DE_LU
2026-06-20T06:45:00+00:00,61.99,1,DE_LU
2026-06-20T07:00:00+00:00,92.05,1,DE_LU
2026-06-20T07:15:00+00:00,63.26,1,DE_LU
2026-06-20T07:30:00+00:00,13.35,1,DE_LU
2026-06-20T07:45:00+00:00,1.7,1,DE_LU
2026-06-20T08:00:00+00:00,12.75,1,DE_LU
2026-06-20T08:15:00+00:00,2.15,1,DE_LU
2026-06-20T08:30:00+00:00,16.92,1,DE_LU
2026-06-20T08:45:00+00:00,0.12,1,DE_LU
2026-06-20T09:00:00+00:00,-6.0,1,DE_LU
2026-06-20T09:15:00+00:00,-25.85,1,DE_LU
2026-06-20T09:30:00+00:00,-7.57,1,DE_LU
2026-06-20T09:45:00+00:00,-6.31,1,DE_LU
2026-06-20T10:00:00+00:00,-13.31,1,DE_LU
2026-06-20T10:15:00+00:00,-21.78,1,DE_LU
2026-06-20T10:30:00+00:00,-3.1,1,DE_LU
2026-06-20T10:45:00+00:00,-1.99,1,DE_LU
2026-06-20T11:00:00+00:00,-11.44,1,DE_LU
2026-06-20T11:15:00+00:00,-3.87,1,DE_LU
2026-06-20T11:30:00+00:00,-16.05,1,DE_LU
2026-06-20T11:45:00+00:00,-4.35,1,DE_LU
2026-06-20T12:00:00+00:00,5.85,1,DE_LU
2026-06-20T12:15:00+00:00,-9.69,1,DE_LU
2026-06-20T12:30:00+00:00,-20.87,1,DE_LU
2026-06-20T12:45:00+00:00,-5.43,1,DE_LU
2026-06-20T13:00:00+00:00,-5.11,1,DE_LU
2026-06-20T13:15:00+00:00,-8.26,1,DE_LU
2026-06-20T13:30:00+00:00,-4.88,1,DE_LU
2026-06-20T13:45:00+00:00,-16.93,1,DE_LU
2026-06-20T14:00:00+00:00,3.94,1,DE_LU
2026-06-20T14:15:00+00:00,-0.56,1,DE_LU
2026-06-20T14:30:00+00:00,8.46,1,DE_LU
2026-06-20T14:45:00+00:00,49.93,1,DE_LU
2026-06-20T15:00:00+00:00,21.99,1,DE_LU
2026-06-20T15:15:00+00:00,82.67,1,DE_LU
2026-06-20T15:30:00+00:00,110.7,1,DE_LU
2026-06-20T15:45:00+00:00,112.06,1,DE_LU
2026-06-20T16:00:00+00:00,109.93,1,DE_LU
2026-06-20T16:15:00+00:00,137.25,1,DE_LU
2026-06-20T16:30:00+00:00,132.63,1,DE_LU
2026-06-20T16:45:00+00:00,156.54,1,DE_LU
2026-06-20T17:00:00+00:00,116.52,1,DE_LU
2026-06-20T17:15:00+00:00,141.89,1,DE_LU
2026-06-20T17:30:00+00:00,156.06,1,DE_LU
2026-06-20T17:45:00+00:00,181.19,1,DE_LU
2026-06-20T18:00:00+00:00,142.98,1,DE_LU
2026-06-20T18:15:00+00:00,169.36,1,DE_LU
2026-06-20T18:30:00+00:00,179.25,1,DE_LU
2026-06-20T18:45:00+00:00,200.63,1,DE_LU
2026-06-20T19:00:00+00:00,168.28,1,DE_LU
2026-06-20T19:15:00+00:00,184.31,1,DE_LU
2026-06-20T19:30:00+00:00,196.92,1,DE_LU
2026-06-20T19:45:00+00:00,185.57,1,DE_LU
2026-06-20T20:00:00+00:00,173.94,1,DE_LU
2026-06-20T20:15:00+00:00,161.69,1,DE_LU
2026-06-20T20:30:00+00:00,152.48,1,DE_LU
2026-06-20T20:45:00+00:00,155.62,1,DE_LU
2026-06-20T21:00:00+00:00,153.35,1,DE_LU
2026-06-20T21:15:00+00:00,148.36,1,DE_LU
2026-06-20T21:30:00+00:00,130.94,1,DE_LU
2026-06-20T21:45:00+00:00,137.25,1,DE_LU
2026-06-20T22:00:00+00:00,157.68,1,DE_LU
2026-06-20T22:15:00+00:00,150.18,1,DE_LU
2026-06-20T22:30:00+00:00,139.29,1,DE_LU
2026-06-20T22:45:00+00:00,136.16,1,DE_LU
2026-06-20T23:00:00+00:00,120.66,1,DE_LU
2026-06-20T23:15:00+00:00,121.21,1,DE_LU
2026-06-20T23:30:00+00:00,136.0,1,DE_LU
2026-06-20T23:45:00+00:00,127.94,1,DE_LU
2026-06-21T00:00:00+00:00,130.43,1,DE_LU
2026-06-21T00:15:00+00:00,133.28,1,DE_LU
2026-06-21T00:30:00+00:00,119.63,1,DE_LU
2026-06-21T00:45:00+00:00,129.59,1,DE_LU
2026-06-21T01:00:00+00:00,124.01,1,DE_LU
2026-06-21T01:15:00+00:00,124.3,1,DE_LU
2026-06-21T01:30:00+00:00,129.36,1,DE_LU
2026-06-21T01:45:00+00:00,121.0,1,DE_LU
2026-06-21T02:00:00+00:00,118.84,1,DE_LU
2026-06-21T02:15:00+00:00,121.42,1,DE_LU
2026-06-21T02:30:00+00:00,104.64,1,DE_LU
2026-06-21T02:45:00+00:00,140.47,1,DE_LU
2026-06-21T03:00:00+00:00,109.64,1,DE_LU
2026-06-21T03:15:00+00:00,119.88,1,DE_LU
2026-06-21T03:30:00+00:00,129.13,1,DE_LU
2026-06-21T03:45:00+00:00,98.55,1,DE_LU
2026-06-21T04:00:00+00:00,130.08,1,DE_LU
2026-06-21T04:15:00+00:00,107.5,1,DE_LU
2026-06-21T04:30:00+00:00,118.46,1,DE_LU
2026-06-21T04:45:00+00:00,113.22,1,DE_LU
2026-06-21T05:00:00+00:00,115.35,1,DE_LU
2026-06-21T05:15:00+00:00,109.19,1,DE_LU
2026-06-21T05:30:00+00:00,98.85,1,DE_LU
2026-06-21T05:45:00+00:00,66.21,1,DE_LU
2026-06-21T06:00:00+00:00,110.33,1,DE_LU
2026-06-21T06:15:00+00:00,76.96,1,DE_LU
2026-06-21T06:30:00+00:00,53.47,1,DE_LU
2026-06-21T06:45:00+00:00,29.66,1,DE_LU
2026-06-21T07:00:00+00:00,44.57,1,DE_LU
2026-06-21T07:15:00+00:00,21.97,1,DE_LU
2026-06-21T07:30:00+00:00,12.28,1,DE_LU
2026-06-21T07:45:00+00:00,-3.32,1,DE_LU
2026-06-21T08:00:00+00:00,3.34,1,DE_LU
2026-06-21T08:15:00+00:00,11.58,1,DE_LU
2026-06-21T08:30:00+00:00,-11.22,1,DE_LU
2026-06-21T08:45:00+00:00,6.64,1,DE_LU
2026-06-21T09:00:00+00:00,-12.51,1,DE_LU
2026-06-21T09:15:00+00:00,-0.77,1,DE_LU
2026-06-21T09:30:00+00:00,-10.98,1,DE_LU
2026-06-21T09:45:00+00:00,-9.62,1,DE_LU
2026-06-21T10:00:00+00:00,-14.61,1,DE_LU
2026-06-21T10:15:00+00:00,3.65,1,DE_LU
2026-06-21T10:30:00+00:00,1.95,1,DE_LU
2026-06-21T10:45:00+00:00,-7.75,1,DE_LU
2026-06-21T11:00:00+00:00,-6.23,1,DE_LU
2026-06-21T11:15:00+00:00,-6.87,1,DE_LU
2026-06-21T11:30:00+00:00,7.76,1,DE_LU
2026-06-21T11:45:00+00:00,-3.62,1,DE_LU
2026-06-21T12:00:00+00:00,-20.52,1,DE_LU
2026-06-21T12:15:00+00:00,-6.5,1,DE_LU
2026-06-21T12:30:00+00:00,0.12,1,DE_LU
2026-06-21T12:45:00+00:00,-12.55,1,DE_LU
2026-06-21T13:00:00+00:00,-5.77,1,DE_LU
2026-06-21T13:15:00+00:00,-3.63,1,DE_LU
2026-06-21T13:30:00+00:00,-6.1,1,DE_LU
2026-06-21T13:45:00+00:00,-14.44,1,DE_LU
2026-06-21T14:00:00+00:00,4.04,1,DE_LU
2026-06-21T14:15:00+00:00,5.06,1,DE_LU
2026-06-21T14:30:00+00:00,2.29,1,DE_LU
2026-06-21T14:45:00+00:00,39.29,1,DE_LU
2026-06-21T15:00:00+00:00,28.66,1,DE_LU
2026-06-21T15:15:00+00:00,71.65,1,DE_LU
2026-06-21T15:30:00+00:00,93.37,1,DE_LU
2026-06-21T15:45:00+00:00,129.58,1,DE_LU
2026-06-21T16:00:00+00:00,104.64,1,DE_LU
2026-06-21T16:15:00+00:00,120.16,1,DE_LU
2026-06-21T16:30:00+00:00,116.44,1,DE_LU
2026-06-21T16:45:00+00:00,144.85,1,DE_LU
2026-06-21T17:00:00+00:00,131.27,1,DE_LU
2026-06-21T17:15:00+00:00,137.32,1,DE_LU
2026-06-21T17:30:00+00:00,141.99,1,DE_LU
2026-06-21T17:45:00+00:00,130.79,1,DE_LU
2026-06-21T18:00:00+00:00,140.25,1,DE_LU
2026-06-21T18:15:00+00:00,159.67,1,DE_LU
2026-06-21T18:30:00+00:00,164.13,1,DE_LU
2026-06-21T18:45:00+00:00,169.04,1,DE_LU
2026-06-21T19:00:00+00:00,168.41,1,DE_LU
2026-06-21T19:15:00+00:00,148.26,1,DE_LU
2026-06-21T19:30:00+00:00,157.73,1,DE_LU
2026-06-21T19:45:00+00:00,155.49,1,DE_LU
2026-06-21T20:00:00+00:00,152.12,1,DE_LU
2026-06-21T20:15:00+00:00,150.92,1,DE_LU
2026-06-21T20:30:00+00:00,123.91,1,DE_LU
2026-06-21T20:45:00+00:00,144.08,1,DE_LU
2026-06-21T21:00:00+00:00,145.64,1,DE_LU
2026-06-21T21:15:00+00:00,144.06,1,DE_LU
2026-06-21T21:30:00+00:00,114.04,1,DE_LU
2026-06-21T21:45:00+00:00,127.88,1,DE_LU
2026-06-21T22:00:00+00:00,131.78,1,DE_LU
2026-06-21T22:15:00+00:00,130.49,1,DE_LU
2026-06-21T22:30:00+00:00,132.08,1,DE_LU
2026-06-21T22:45:00+00:00,127.38,1,DE_LU
2026-06-21T23:00:00+00:00,118.73,1,DE_LU
2026-06-21T23:15:00+00:00,123.35,1,DE_LU
2026-06-21T23:30:00+00:00,116.21,1,DE_LU
2026-06-21T23:45:00+00:00,115.34,1,DE_LU
2026-06-22T00:00:00+00:00,113.23,1,DE_LU
2026-06-22T00:15:00+00:00,104.91,1,DE_LU
2026-06-22T00:30:00+00:00,117.31,1,DE_LU
2026-06-22T00:45:00+00:00,114.69,1,DE_LU
2026-06-22T01:00:00+00:00,112.01,1,DE_LU
2026-06-22T01:15:00+00:00,112.19,1,DE_LU
2026-06-22T01:30:00+00:00,114.32,1,DE_LU
2026-06-22T01:45:00+00:00,121.59,1,DE_LU
2026-06-22T02:00:00+00:00,122.58,1,DE_LU
2026-06-22T02:15:00+00:00,115.6,1,DE_LU
2026-06-22T02:30:00+00:00,114.27,1,DE_LU
2026-06-22T02:45:00+00:00,115.13,1,DE_LU
2026-06-22T03:00:00+00:00,126.63,1,DE_LU
2026-06-22T03:15:00+00:00,110.06,1,DE_LU
2026-06-22T03:30:00+00:00,126.9,1,DE_LU
2026-06-22T03:45:00+00:00,136.7,1,DE_LU
2026-06-22T04:00:00+00:00,142.44,1,DE_LU
2026-06-22T04:15:00+00:00,153.34,1,DE_LU
2026-06-22T04:30:00+00:00,145.16,1,DE_LU
2026-06-22T04:45:00+00:00,152.81,1,DE_LU
2026-06-22T05:00:00+00:00,156.79,1,DE_LU
2026-06-22T05:15:00+00:00,140.9,1,DE_LU
2026-06-22T05:30:00+00:00,146.46,1,DE_LU
2026-06-22T05:45:00+00:00,143.06,1,DE_LU
2026-06-22T06:00:00+00:00,139.21,1,DE_LU
2026-06-22T06:15:00+00:00,138.19,1,DE_LU
2026-06-22T06:30:00+00:00,127.81,1,DE_LU
2026-06-22T06:45:00+00:00,116.22,1,DE_LU
2026-06-22T07:00:00+00:00,127.41,1,DE_LU
2026-06-22T07:15:00+00:00,98.02,1,DE_LU
2026-06-22T07:30:00+00:00,97.69,1,DE_LU
2026-06-22T07:45:00+00:00,87.49,1,DE_LU
2026-06-22T08:00:00+00:00,98.86,1,DE_LU
2026-06-22T08:15:00+00:00,93.69,1,DE_LU
2026-06-22T08:30:00+00:00,91.89,1,DE_LU
2026-06-22T08:45:00+00:00,57.07,1,DE_LU
2026-06-22T09:00:00+00:00,62.74,1,DE_LU
2026-06-22T09:15:00+00:00,49.98,1,DE_LU
2026-06-22T09:30:00+00:00,58.29,1,DE_LU
2026-06-22T09:45:00+00:00,31.17,1,DE_LU
2026-06-22T10:00:00+00:00,49.04,1,DE_LU
2026-06-22T10:15:00+00:00,37.5,1,DE_LU
2026-06-22T10:30:00+00:00,30.6,1,DE_LU
2026-06-22T10:45:00+00:00,33.77,1,DE_LU
2026-06-22T11:00:00+00:00,21.46,1,DE_LU
2026-06-22T11:15:00+00:00,37.05,1,DE_LU
2026-06-22T11:30:00+00:00,31.42,1,DE_LU
2026-06-22T11:45:00+00:00,18.01,1,DE_LU
2026-06-22T12:00:00+00:00,23.81,1,DE_LU
2026-06-22T12:15:00+00:00,38.37,1,DE_LU
2026-06-22T12:30:00+00:00,50.24,1,DE_LU
2026-06-22T12:45:00+00:00,53.74,1,DE_LU
2026-06-22T13:00:00+00:00,34.73,1,DE_LU
2026-06-22T13:15:00+00:00,51.72,1,DE_LU
2026-06-22T13:30:00+00:00,67.95,1,DE_LU
2026-06-22T13:45:00+00:00,75.94,1,DE_LU
2026-06-22T14:00:00+00:00,67.76,1,DE_LU
2026-06-22T14:15:00+00:00,82.81,1,DE_LU
2026-06-22T14:30:00+00:00,75.58,1,DE_LU
2026-06-22T14:45:00+00:00,106.11,1,DE_LU
2026-06-22T15:00:00+00:00,87.82,1,DE_LU
2026-06-22T15:15:00+00:00,112.2,1,DE_LU
2026-06-22T15:30:00+00:00,117.54,1,DE_LU
2026-06-22T15:45:00+00:00,123.86,1,DE_LU
2026-06-22T16:00:00+00:00,119.96,1,DE_LU
2026-06-22T16:15:00+00:00,142.44,1,DE_LU
2026-06-22T16:30:00+00:00,142.79,1,DE_LU
2026-06-22T16:45:00+00:00,194.54,1,DE_LU
2026-06-22T17:00:00+00:00,153.03,1,DE_LU
2026-06-22T17:15:00+00:00,168.88,1,DE_LU
2026-06-22T17:30:00+00:00,213.44,1,DE_LU
2026-06-22T17:45:00+00:00,266.2,1,DE_LU
2026-06-22T18:00:00+00:00,231.2,1,DE_LU
2026-06-22T18:15:00+00:00,271.54,1,DE_LU
2026-06-22T18:30:00+00:00,299.07,1,DE_LU
2026-06-22T18:45:00+00:00,310.02,1,DE_LU
2026-06-22T19:00:00+00:00,284.75,1,DE_LU
2026-06-22T19:15:00+00:00,269.41,1,DE_LU
2026-06-22T19:30:00+00:00,247.65,1,DE_LU
2026-06-22T19:45:00+00:00,197.09,1,DE_LU
2026-06-22T20:00:00+00:00,226.47,1,DE_LU
2026-06-22T20:15:00+00:00,201.4,1,DE_LU
2026-06-22T20:30:00+00:00,157.43,1,DE_LU
2026-06-22T20:45:00+00:00,152.28,1,DE_LU
2026-06-22T21:00:00+00:00,166.94,1,DE_LU
2026-06-22T21:15:00+00:00,178.75,1,DE_LU
2026-06-22T21:30:00+00:00,160.89,1,DE_LU
2026-06-22T21:45:00+00:00,146.44,1,DE_LU
2026-06-22T22:00:00+00:00,164.09,1,DE_LU
2026-06-22T22:15:00+00:00,140.22,1,DE_LU
2026-06-22T22:30:00+00:00,150.47,1,DE_LU
2026-06-22T22:45:00+00:00,131.68,1,DE_LU
2026-06-22T23:00:00+00:00,144.35,1,DE_LU
2026-06-22T23:15:00+00:00,130.12,1,DE_LU
2026-06-22T23:30:00+00:00,140.87,1,DE_LU
2026-06-22T23:45:00+00:00,129.81,1,DE_LU
2026-06-23T00:00:00+00:00,146.54,1,DE_LU
2026-06-23T00:15:00+00:00,131.63,1,DE_LU
2026-06-23T00:30:00+00:00,140.97,1,DE_LU
2026-06-23T00:45:00+00:00,128.41,1,DE_LU
2026-06-23T01:00:00+00:00,130.56,1,DE_LU
2026-06-23T01:15:00+00:00,137.57,1,DE_LU
2026-06-23T01:30:00+00:00,135.08,1,DE_LU
2026-06-23T01:45:00+00:00,146.38,1,DE_LU
2026-06-23T02:00:00+00:00,133.87,1,DE_LU
2026-06-23T02:15:00+00:00,126.7,1,DE_LU
2026-06-23T02:30:00+00:00,138.25,1,DE_LU
2026-06-23T02:45:00+00:00,138.18,1,DE_LU
2026-06-23T03:00:00+00:00,140.15,1,DE_LU
2026-06-23T03:15:00+00:00,138.36,1,DE_LU
2026-06-23T03:30:00+00:00,139.46,1,DE_LU
2026-06-23T03:45:00+00:00,153.53,1,DE_LU
2026-06-23T04:00:00+00:00,157.45,1,DE_LU
2026-06-23T04:15:00+00:00,160.41,1,DE_LU
2026-06-23T04:30:00+00:00,173.19,1,DE_LU
2026-06-23T04:45:00+00:00,163.18,1,DE_LU
2026-06-23T05:00:00+00:00,188.72,1,DE_LU
2026-06-23T05:15:00+00:00,156.2,1,DE_LU
2026-06-23T05:30:00+00:00,157.85,1,DE_LU
2026-06-23T05:45:00+00:00,139.31,1,DE_LU
2026-06-23T06:00:00+00:00,171.33,1,DE_LU
2026-06-23T06:15:00+00:00,144.2,1,DE_LU
2026-06-23T06:30:00+00:00,121.68,1,DE_LU
2026-06-23T06:45:00+00:00,115.62,1,DE_LU
2026-06-23T07:00:00+00:00,114.18,1,DE_LU
2026-06-23T07:15:00+00:00,112.22,1,DE_LU
2026-06-23T07:30:00+00:00,112.44,1,DE_LU
2026-06-23T07:45:00+00:00,96.82,1,DE_LU
2026-06-23T08:00:00+00:00,113.08,1,DE_LU
2026-06-23T08:15:00+00:00,87.13,1,DE_LU
2026-06-23T08:30:00+00:00,94.72,1,DE_LU
2026-06-23T08:45:00+00:00,80.89,1,DE_LU
2026-06-23T09:00:00+00:00,81.97,1,DE_LU
2026-06-23T09:15:00+00:00,70.04,1,DE_LU
2026-06-23T09:30:00+00:00,52.1,1,DE_LU
2026-06-23T09:45:00+00:00,71.0,1,DE_LU
2026-06-23T10:00:00+00:00,66.84,1,DE_LU
2026-06-23T10:15:00+00:00,68.09,1,DE_LU
2026-06-23T10:30:00+00:00,42.82,1,DE_LU
2026-06-23T10:45:00+00:00,56.23,1,DE_LU
2026-06-23T11:00:00+00:00,52.07,1,DE_LU
2026-06-23T11:15:00+00:00,42.49,1,DE_LU
2026-06-23T11:30:00+00:00,57.79,1,DE_LU
2026-06-23T11:45:00+00:00,45.64,1,DE_LU
2026-06-23T12:00:00+00:00,57.6,1,DE_LU
2026-06-23T12:15:00+00:00,58.88,1,DE_LU
2026-06-23T12:30:00+00:00,63.0,1,DE_LU
2026-06-23T12:45:00+00:00,70.61,1,DE_LU
2026-06-23T13:00:00+00:00,65.56,1,DE_LU
2026-06-23T13:15:00+00:00,69.13,1,DE_LU
2026-06-23T13:30:00+00:00,82.82,1,DE_LU
2026-06-23T13:45:00+00:00,98.76,1,DE_LU
2026-06-23T14:00:00+00:00,72.45,1,DE_LU
2026-06-23T14:15:00+00:00,87.37,1,DE_LU
2026-06-23T14:30:00+00:00,117.91,1,DE_LU
2026-06-23T14:45:00+00:00,119.98,1,DE_LU
2026-06-23T15:00:00+00:00,95.46,1,DE_LU
2026-06-23T15:15:00+00:00,126.3,1,DE_LU
2026-06-23T15:30:00+00:00,127.45,1,DE_LU
2026-06-23T15:45:00+00:00,144.91,1,DE_LU
2026-06-23T16:00:00+00:00,106.89,1,DE_LU
2026-06-23T16:15:00+00:00,139.88,1,DE_LU
2026-06-23T16:30:00+00:00,185.61,1,DE_LU
2026-06-23T16:45:00+00:00,242.44,1,DE_LU
2026-06-23T17:00:00+00:00,179.28,1,DE_LU
2026-06-23T17:15:00+00:00,255.36,1,DE_LU
2026-06-23T17:30:00+00:00,435.45,1,DE_LU
2026-06-23T17:45:00+00:00,516.84,1,DE_LU
2026-06-23T18:00:00+00:00,465.16,1,DE_LU
2026-06-23T18:15:00+00:00,538.14,1,DE_LU
2026-06-23T18:30:00+00:00,587.58,1,DE_LU
2026-06-23T18:45:00+00:00,615.67,1,DE_LU
2026-06-23T19:00:00+00:00,564.83,1,DE_LU
2026-06-23T19:15:00+00:00,566.56,1,DE_LU
2026-06-23T19:30:00+00:00,551.06,1,DE_LU
2026-06-23T19:45:00+00:00,446.92,1,DE_LU
2026-06-23T20:00:00+00:00,462.32,1,DE_LU
2026-06-23T20:15:00+00:00,425.58,1,DE_LU
2026-06-23T20:30:00+00:00,270.78,1,DE_LU
2026-06-23T20:45:00+00:00,190.32,1,DE_LU
2026-06-23T21:00:00+00:00,217.21,1,DE_LU
2026-06-23T21:15:00+00:00,230.57,1,DE_LU
2026-06-23T21:30:00+00:00,173.83,1,DE_LU
2026-06-23T21:45:00+00:00,172.86,1,DE_LU
2026-06-23T22:00:00+00:00,209.55,1,DE_LU
2026-06-23T22:15:00+00:00,181.11,1,DE_LU
2026-06-23T22:30:00+00:00,173.83,1,DE_LU
2026-06-23T22:45:00+00:00,146.84,1,DE_LU
2026-06-23T23:00:00+00:00,174.17,1,DE_LU
2026-06-23T23:15:00+00:00,167.04,1,DE_LU
2026-06-23T23:30:00+00:00,158.58,1,DE_LU
2026-06-23T23:45:00+00:00,154.31,1,DE_LU
2026-06-24T00:00:00+00:00,147.04,1,DE_LU
2026-06-24T00:15:00+00:00,148.58,1,DE_LU
2026-06-24T00:30:00+00:00,149.6,1,DE_LU
2026-06-24T00:45:00+00:00,137.26,1,DE_LU
2026-06-24T01:00:00+00:00,143.7,1,DE_LU
2026-06-24T01:15:00+00:00,146.56,1,DE_LU
2026-06-24T01:30:00+00:00,147.12,1,DE_LU
2026-06-24T01:45:00+00:00,144.4,1,DE_LU
2026-06-24T02:00:00+00:00,136.99,1,DE_LU
2026-06-24T02:15:00+00:00,155.99,1,DE_LU
2026-06-24T02:30:00+00:00,122.28,1,DE_LU
2026-06-24T02:45:00+00:00,139.14,1,DE_LU
2026-06-24T03:00:00+00:00,147.44,1,DE_LU
2026-06-24T03:15:00+00:00,150.07,1,DE_LU
2026-06-24T03:30:00+00:00,144.41,1,DE_LU
2026-06-24T03:45:00+00:00,149.21,1,DE_LU
2026-06-24T04:00:00+00:00,171.19,1,DE_LU
2026-06-24T04:15:00+00:00,159.6,1,DE_LU
2026-06-24T04:30:00+00:00,176.84,1,DE_LU
2026-06-24T04:45:00+00:00,193.16,1,DE_LU
2026-06-24T05:00:00+00:00,211.02,1,DE_LU
2026-06-24T05:15:00+00:00,179.29,1,DE_LU
2026-06-24T05:30:00+00:00,179.62,1,DE_LU
2026-06-24T05:45:00+00:00,152.56,1,DE_LU
2026-06-24T06:00:00+00:00,186.71,1,DE_LU
2026-06-24T06:15:00+00:00,148.39,1,DE_LU
2026-06-24T06:30:00+00:00,142.45,1,DE_LU
2026-06-24T06:45:00+00:00,101.85,1,DE_LU
2026-06-24T07:00:00+00:00,141.14,1,DE_LU
2026-06-24T07:15:00+00:00,132.04,1,DE_LU
2026-06-24T07:30:00+00:00,111.1,1,DE_LU
2026-06-24T07:45:00+00:00,94.49,1,DE_LU
2026-06-24T08:00:00+00:00,118.57,1,DE_LU
2026-06-24T08:15:00+00:00,107.9,1,DE_LU
2026-06-24T08:30:00+00:00,95.21,1,DE_LU
2026-06-24T08:45:00+00:00,67.6,1,DE_LU
2026-06-24T09:00:00+00:00,87.24,1,DE_LU
2026-06-24T09:15:00+00:00,96.76,1,DE_LU
2026-06-24T09:30:00+00:00,68.96,1,DE_LU
2026-06-24T09:45:00+00:00,63.94,1,DE_LU
2026-06-24T10:00:00+00:00,82.03,1,DE_LU
2026-06-24T10:15:00+00:00,65.33,1,DE_LU
2026-06-24T10:30:00+00:00,67.74,1,DE_LU
2026-06-24T10:45:00+00:00,68.44,1,DE_LU
2026-06-24T11:00:00+00:00,65.33,1,DE_LU
2026-06-24T11:15:00+00:00,65.77,1,DE_LU
2026-06-24T11:30:00+00:00,65.25,1,DE_LU
2026-06-24T11:45:00+00:00,57.32,1,DE_LU
2026-06-24T12:00:00+00:00,64.74,1,DE_LU
2026-06-24T12:15:00+00:00,63.75,1,DE_LU
2026-06-24T12:30:00+00:00,62.01,1,DE_LU
2026-06-24T12:45:00+00:00,79.31,1,DE_LU
2026-06-24T13:00:00+00:00,57.83,1,DE_LU
2026-06-24T13:15:00+00:00,83.12,1,DE_LU
2026-06-24T13:30:00+00:00,92.5,1,DE_LU
2026-06-24T13:45:00+00:00,98.0,1,DE_LU
2026-06-24T14:00:00+00:00,102.66,1,DE_LU
2026-06-24T14:15:00+00:00,94.62,1,DE_LU
2026-06-24T14:30:00+00:00,113.52,1,DE_LU
2026-06-24T14:45:00+00:00,122.8,1,DE_LU
2026-06-24T15:00:00+00:00,116.49,1,DE_LU
2026-06-24T15:15:00+00:00,121.89,1,DE_LU
2026-06-24T15:30:00+00:00,152.53,1,DE_LU
2026-06-24T15:45:00+00:00,158.7,1,DE_LU
2026-06-24T16:00:00+00:00,147.17,1,DE_LU
2026-06-24T16:15:00+00:00,146.36,1,DE_LU
2026-06-24T16:30:00+00:00,208.58,1,DE_LU
2026-06-24T16:45:00+00:00,290.96,1,DE_LU
2026-06-24T17:00:00+00:00,243.6,1,DE_LU
2026-06-24T17:15:00+00:00,323.0,1,DE_LU
2026-06-24T17:30:00+00:00,565.88,1,DE_LU
2026-06-24T17:45:00+00:00,708.2,1,DE_LU
2026-06-24T18:00:00+00:00,560.1,1,DE_LU
2026-06-24T18:15:00+00:00,669.49,1,DE_LU
2026-06-24T18:30:00+00:00,689.96,1,DE_LU
2026-06-24T18:45:00+00:00,763.84,1,DE_LU
2026-06-24T19:00:00+00:00,699.54,1,DE_LU
2026-06-24T19:15:00+00:00,690.01,1,DE_LU
2026-06-24T19:30:00+00:00,659.18,1,DE_LU
2026-06-24T19:45:00+00:00,613.59,1,DE_LU
2026-06-24T20:00:00+00:00,622.83,1,DE_LU
2026-06-24T20:15:00+00:00,502.26,1,DE_LU
2026-06-24T20:30:00+00:00,397.55,1,DE_LU
2026-06-24T20:45:00+00:00,295.6,1,DE_LU
2026-06-24T21:00:00+00:00,357.69,1,DE_LU
2026-06-24T21:15:00+00:00,301.41,1,DE_LU
2026-06-24T21:30:00+00:00,237.56,1,DE_LU
2026-06-24T21:45:00+00:00,188.5,1,DE_LU
2026-06-24T22:00:00+00:00,189.74,1,DE_LU
2026-06-24T22:15:00+00:00,181.19,1,DE_LU
2026-06-24T22:30:00+00:00,154.24,1,DE_LU
2026-06-24T22:45:00+00:00,143.63,1,DE_LU
2026-06-24T23:00:00+00:00,162.38,1,DE_LU
2026-06-24T23:15:00+00:00,154.1,1,DE_LU
2026-06-24T23:30:00+00:00,133.06,1,DE_LU
2026-06-24T23:45:00+00:00,146.36,1,DE_LU
2026-06-25T00:00:00+00:00,152.82,1,DE_LU
2026-06-25T00:15:00+00:00,137.95,1,DE_LU
2026-06-25T00:30:00+00:00,140.69,1,DE_LU
2026-06-25T00:45:00+00:00,127.26,1,DE_LU
2026-06-25T01:00:00+00:00,150.31,1,DE_LU
2026-06-25T01:15:00+00:00,153.67,1,DE_LU
2026-06-25T01:30:00+00:00,141.03,1,DE_LU
2026-06-25T01:45:00+00:00,140.09,1,DE_LU
2026-06-25T02:00:00+00:00,150.21,1,DE_LU
2026-06-25T02:15:00+00:00,140.67,1,DE_LU
2026-06-25T02:30:00+00:00,139.21,1,DE_LU
2026-06-25T02:45:00+00:00,134.4,1,DE_LU
2026-06-25T03:00:00+00:00,148.51,1,DE_LU
2026-06-25T03:15:00+00:00,135.09,1,DE_LU
2026-06-25T03:30:00+00:00,145.09,1,DE_LU
2026-06-25T03:45:00+00:00,156.05,1,DE_LU
2026-06-25T04:00:00+00:00,163.35,1,DE_LU
2026-06-25T04:15:00+00:00,169.2,1,DE_LU
2026-06-25T04:30:00+00:00,155.92,1,DE_LU
2026-06-25T04:45:00+00:00,149.1,1,DE_LU
2026-06-25T05:00:00+00:00,168.16,1,DE_LU
2026-06-25T05:15:00+00:00,158.14,1,DE_LU
2026-06-25T05:30:00+00:00,152.61,1,DE_LU
2026-06-25T05:45:00+00:00,120.76,1,DE_LU
2026-06-25T06:00:00+00:00,141.19,1,DE_LU
2026-06-25T06:15:00+00:00,120.0,1,DE_LU
2026-06-25T06:30:00+00:00,95.12,1,DE_LU
2026-06-25T06:45:00+00:00,86.9,1,DE_LU
2026-06-25T07:00:00+00:00,123.42,1,DE_LU
2026-06-25T07:15:00+00:00,120.65,1,DE_LU
2026-06-25T07:30:00+00:00,104.79,1,DE_LU
2026-06-25T07:45:00+00:00,89.04,1,DE_LU
2026-06-25T08:00:00+00:00,105.02,1,DE_LU
2026-06-25T08:15:00+00:00,94.54,1,DE_LU
2026-06-25T08:30:00+00:00,78.9,1,DE_LU
2026-06-25T08:45:00+00:00,50.6,1,DE_LU
2026-06-25T09:00:00+00:00,96.68,1,DE_LU
2026-06-25T09:15:00+00:00,60.51,1,DE_LU
2026-06-25T09:30:00+00:00,42.93,1,DE_LU
2026-06-25T09:45:00+00:00,48.02,1,DE_LU
2026-06-25T10:00:00+00:00,48.53,1,DE_LU
2026-06-25T10:15:00+00:00,37.49,1,DE_LU
2026-06-25T10:30:00+00:00,27.68,1,DE_LU
2026-06-25T10:45:00+00:00,31.33,1,DE_LU
2026-06-25T11:00:00+00:00,33.98,1,DE_LU
2026-06-25T11:15:00+00:00,31.19,1,DE_LU
2026-06-25T11:30:00+00:00,23.55,1,DE_LU
2026-06-25T11:45:00+00:00,23.66,1,DE_LU
2026-06-25T12:00:00+00:00,13.04,1,DE_LU
2026-06-25T12:15:00+00:00,13.33,1,DE_LU
2026-06-25T12:30:00+00:00,41.61,1,DE_LU
2026-06-25T12:45:00+00:00,50.62,1,DE_LU
2026-06-25T13:00:00+00:00,40.98,1,DE_LU
2026-06-25T13:15:00+00:00,59.09,1,DE_LU
2026-06-25T13:30:00+00:00,77.39,1,DE_LU
2026-06-25T13:45:00+00:00,86.81,1,DE_LU
2026-06-25T14:00:00+00:00,76.34,1,DE_LU
2026-06-25T14:15:00+00:00,80.73,1,DE_LU
2026-06-25T14:30:00+00:00,86.9,1,DE_LU
2026-06-25T14:45:00+00:00,113.48,1,DE_LU
2026-06-25T15:00:00+00:00,79.26,1,DE_LU
2026-06-25T15:15:00+00:00,105.36,1,DE_LU
2026-06-25T15:30:00+00:00,113.91,1,DE_LU
2026-06-25T15:45:00+00:00,122.47,1,DE_LU
2026-06-25T16:00:00+00:00,94.37,1,DE_LU
2026-06-25T16:15:00+00:00,111.25,1,DE_LU
2026-06-25T16:30:00+00:00,154.43,1,DE_LU
2026-06-25T16:45:00+00:00,191.69,1,DE_LU
2026-06-25T17:00:00+00:00,135.89,1,DE_LU
2026-06-25T17:15:00+00:00,171.42,1,DE_LU
2026-06-25T17:30:00+00:00,218.66,1,DE_LU
2026-06-25T17:45:00+00:00,305.68,1,DE_LU
2026-06-25T18:00:00+00:00,242.76,1,DE_LU
2026-06-25T18:15:00+00:00,278.03,1,DE_LU
2026-06-25T18:30:00+00:00,318.16,1,DE_LU
2026-06-25T18:45:00+00:00,328.13,1,DE_LU
2026-06-25T19:00:00+00:00,356.18,1,DE_LU
2026-06-25T19:15:00+00:00,312.55,1,DE_LU
2026-06-25T19:30:00+00:00,253.2,1,DE_LU
2026-06-25T19:45:00+00:00,200.28,1,DE_LU
2026-06-25T20:00:00+00:00,210.82,1,DE_LU
2026-06-25T20:15:00+00:00,205.18,1,DE_LU
2026-06-25T20:30:00+00:00,175.57,1,DE_LU
2026-06-25T20:45:00+00:00,158.21,1,DE_LU
2026-06-25T21:00:00+00:00,185.06,1,DE_LU
2026-06-25T21:15:00+00:00,154.66,1,DE_LU
2026-06-25T21:30:00+00:00,136.02,1,DE_LU
2026-06-25T21:45:00+00:00,159.45,1,DE_LU
2026-06-25T22:00:00+00:00,143.91,1,DE_LU
2026-06-25T22:15:00+00:00,139.89,1,DE_LU
2026-06-25T22:30:00+00:00,133.93,1,DE_LU
2026-06-25T22:45:00+00:00,136.57,1,DE_LU
2026-06-25T23:00:00+00:00,137.21,1,DE_LU
2026-06-25T23:15:00+00:00,128.78,1,DE_LU
2026-06-25T23:30:00+00:00,123.78,1,DE_LU
2026-06-25T23:45:00+00:00,112.63,1,DE_LU
2026-06-26T00:00:00+00:00,132.39,1,DE_LU
2026-06-26T00:15:00+00:00,125.16,1,DE_LU
2026-06-26T00:30:00+00:00,111.78,1,DE_LU
2026-06-26T00:45:00+00:00,116.09,1,DE_LU
2026-06-26T01:00:00+00:00,122.56,1,DE_LU
2026-06-26T01:15:00+00:00,122.4,1,DE_LU
2026-06-26T01:30:00+00:00,121.48,1,DE_LU
2026-06-26T01:45:00+00:00,117.87,1,DE_LU
2026-06-26T02:00:00+00:00,122.35,1,DE_LU
2026-06-26T02:15:00+00:00,125.28,1,DE_LU
2026-06-26T02:30:00+00:00,123.52,1,DE_LU
2026-06-26T02:45:00+00:00,123.07,1,DE_LU
2026-06-26T03:00:00+00:00,133.93,1,DE_LU
2026-06-26T03:15:00+00:00,118.23,1,DE_LU
2026-06-26T03:30:00+00:00,127.59,1,DE_LU
2026-06-26T03:45:00+00:00,133.96,1,DE_LU
2026-06-26T04:00:00+00:00,143.54,1,DE_LU
2026-06-26T04:15:00+00:00,153.5,1,DE_LU
2026-06-26T04:30:00+00:00,152.27,1,DE_LU
2026-06-26T04:45:00+00:00,142.83,1,DE_LU
2026-06-26T05:00:00+00:00,162.53,1,DE_LU
2026-06-26T05:15:00+00:00,131.96,1,DE_LU
2026-06-26T05:30:00+00:00,126.73,1,DE_LU
2026-06-26T05:45:00+00:00,113.48,1,DE_LU
2026-06-26T06:00:00+00:00,136.3,1,DE_LU
2026-06-26T06:15:00+00:00,121.46,1,DE_LU
2026-06-26T06:30:00+00:00,107.4,1,DE_LU
2026-06-26T06:45:00+00:00,105.84,1,DE_LU
2026-06-26T07:00:00+00:00,113.98,1,DE_LU
2026-06-26T07:15:00+00:00,134.48,1,DE_LU
2026-06-26T07:30:00+00:00,102.54,1,DE_LU
2026-06-26T07:45:00+00:00,93.34,1,DE_LU
2026-06-26T08:00:00+00:00,109.95,1,DE_LU
2026-06-26T08:15:00+00:00,104.86,1,DE_LU
2026-06-26T08:30:00+00:00,91.8,1,DE_LU
2026-06-26T08:45:00+00:00,59.53,1,DE_LU
2026-06-26T09:00:00+00:00,85.17,1,DE_LU
2026-06-26T09:15:00+00:00,67.43,1,DE_LU
2026-06-26T09:30:00+00:00,57.11,1,DE_LU
2026-06-26T09:45:00+00:00,34.92,1,DE_LU
2026-06-26T10:00:00+00:00,63.72,1,DE_LU
2026-06-26T10:15:00+00:00,39.72,1,DE_LU
2026-06-26T10:30:00+00:00,30.64,1,DE_LU
2026-06-26T10:45:00+00:00,38.23,1,DE_LU
2026-06-26T11:00:00+00:00,42.46,1,DE_LU
2026-06-26T11:15:00+00:00,23.53,1,DE_LU
2026-06-26T11:30:00+00:00,38.41,1,DE_LU
2026-06-26T11:45:00+00:00,41.35,1,DE_LU
2026-06-26T12:00:00+00:00,16.84,1,DE_LU
2026-06-26T12:15:00+00:00,20.48,1,DE_LU
2026-06-26T12:30:00+00:00,40.95,1,DE_LU
2026-06-26T12:45:00+00:00,38.88,1,DE_LU
2026-06-26T13:00:00+00:00,27.75,1,DE_LU
2026-06-26T13:15:00+00:00,51.73,1,DE_LU
2026-06-26T13:30:00+00:00,72.13,1,DE_LU
2026-06-26T13:45:00+00:00,77.88,1,DE_LU
2026-06-26T14:00:00+00:00,63.43,1,DE_LU
2026-06-26T14:15:00+00:00,75.35,1,DE_LU
2026-06-26T14:30:00+00:00,99.65,1,DE_LU
2026-06-26T14:45:00+00:00,109.61,1,DE_LU
2026-06-26T15:00:00+00:00,78.72,1,DE_LU
2026-06-26T15:15:00+00:00,116.24,1,DE_LU
2026-06-26T15:30:00+00:00,104.79,1,DE_LU
2026-06-26T15:45:00+00:00,127.84,1,DE_LU
2026-06-26T16:00:00+00:00,98.95,1,DE_LU
2026-06-26T16:15:00+00:00,139.84,1,DE_LU
2026-06-26T16:30:00+00:00,171.69,1,DE_LU
2026-06-26T16:45:00+00:00,210.5,1,DE_LU
2026-06-26T17:00:00+00:00,167.19,1,DE_LU
2026-06-26T17:15:00+00:00,203.54,1,DE_LU
2026-06-26T17:30:00+00:00,258.39,1,DE_LU
2026-06-26T17:45:00+00:00,381.96,1,DE_LU
2026-06-26T18:00:00+00:00,264.45,1,DE_LU
2026-06-26T18:15:00+00:00,347.47,1,DE_LU
2026-06-26T18:30:00+00:00,403.43,1,DE_LU
2026-06-26T18:45:00+00:00,418.2,1,DE_LU
2026-06-26T19:00:00+00:00,413.56,1,DE_LU
2026-06-26T19:15:00+00:00,352.95,1,DE_LU
2026-06-26T19:30:00+00:00,239.66,1,DE_LU
2026-06-26T19:45:00+00:00,200.67,1,DE_LU
2026-06-26T20:00:00+00:00,243.57,1,DE_LU
2026-06-26T20:15:00+00:00,220.9,1,DE_LU
2026-06-26T20:30:00+00:00,189.15,1,DE_LU
2026-06-26T20:45:00+00:00,167.52,1,DE_LU
2026-06-26T21:00:00+00:00,168.99,1,DE_LU
2026-06-26T21:15:00+00:00,158.05,1,DE_LU
2026-06-26T21:30:00+00:00,143.05,1,DE_LU
2026-06-26T21:45:00+00:00,139.75,1,DE_LU
2026-06-26T22:00:00+00:00,141.81,1,DE_LU
2026-06-26T22:15:00+00:00,135.53,1,DE_LU
2026-06-26T22:30:00+00:00,122.76,1,DE_LU
2026-06-26T22:45:00+00:00,131.19,1,DE_LU
2026-06-26T23:00:00+00:00,124.23,1,DE_LU
2026-06-26T23:15:00+00:00,123.58,1,DE_LU
2026-06-26T23:30:00+00:00,122.28,1,DE_LU
2026-06-26T23:45:00+00:00,109.04,1,DE_LU
2026-06-27T00:00:00+00:00,137.52,1,DE_LU
2026-06-27T00:15:00+00:00,106.83,1,DE_LU
2026-06-27T00:30:00+00:00,122.91,1,DE_LU
2026-06-27T00:45:00+00:00,119.61,1,DE_LU
2026-06-27T01:00:00+00:00,119.54,1,DE_LU
2026-06-27T01:15:00+00:00,113.93,1,DE_LU
2026-06-27T01:30:00+00:00,109.54,1,DE_LU
2026-06-27T01:45:00+00:00,101.4,1,DE_LU
2026-06-27T02:00:00+00:00,113.16,1,DE_LU
2026-06-27T02:15:00+00:00,108.97,1,DE_LU
2026-06-27T02:30:00+00:00,118.26,1,DE_LU
2026-06-27T02:45:00+00:00,115.09,1,DE_LU
2026-06-27T03:00:00+00:00,113.54,1,DE_LU
2026-06-27T03:15:00+00:00,115.32,1,DE_LU
2026-06-27T03:30:00+00:00,108.31,1,DE_LU
2026-06-27T03:45:00+00:00,126.17,1,DE_LU
2026-06-27T04:00:00+00:00,109.55,1,DE_LU
2026-06-27T04:15:00+00:00,109.21,1,DE_LU
2026-06-27T04:30:00+00:00,109.1,1,DE_LU
2026-06-27T04:45:00+00:00,101.2,1,DE_LU
2026-06-27T05:00:00+00:00,117.06,1,DE_LU
2026-06-27T05:15:00+00:00,134.06,1,DE_LU
2026-06-27T05:30:00+00:00,108.69,1,DE_LU
2026-06-27T05:45:00+00:00,102.57,1,DE_LU
2026-06-27T06:00:00+00:00,116.0,1,DE_LU
2026-06-27T06:15:00+00:00,116.75,1,DE_LU
2026-06-27T06:30:00+00:00,105.4,1,DE_LU
2026-06-27T06:45:00+00:00,81.09,1,DE_LU
2026-06-27T07:00:00+00:00,106.84,1,DE_LU
2026-06-27T07:15:00+00:00,77.03,1,DE_LU
2026-06-27T07:30:00+00:00,79.38,1,DE_LU
2026-06-27T07:45:00+00:00,37.85,1,DE_LU
2026-06-27T08:00:00+00:00,70.72,1,DE_LU
2026-06-27T08:15:00+00:00,52.63,1,DE_LU
2026-06-27T08:30:00+00:00,19.98,1,DE_LU
2026-06-27T08:45:00+00:00,21.57,1,DE_LU
2026-06-27T09:00:00+00:00,0.72,1,DE_LU
2026-06-27T09:15:00+00:00,-7.86,1,DE_LU
2026-06-27T09:30:00+00:00,-0.48,1,DE_LU
2026-06-27T09:45:00+00:00,-7.82,1,DE_LU
2026-06-27T10:00:00+00:00,-8.63,1,DE_LU
2026-06-27T10:15:00+00:00,5.34,1,DE_LU
2026-06-27T10:30:00+00:00,1.21,1,DE_LU
2026-06-27T10:45:00+00:00,-8.14,1,DE_LU
2026-06-27T11:00:00+00:00,-1.68,1,DE_LU
2026-06-27T11:15:00+00:00,-4.33,1,DE_LU
2026-06-27T11:30:00+00:00,-7.94,1,DE_LU
2026-06-27T11:45:00+00:00,1.37,1,DE_LU
2026-06-27T12:00:00+00:00,7.31,1,DE_LU
2026-06-27T12:15:00+00:00,-4.75,1,DE_LU
2026-06-27T12:30:00+00:00,-1.51,1,DE_LU
2026-06-27T12:45:00+00:00,1.31,1,DE_LU
2026-06-27T13:00:00+00:00,-11.16,1,DE_LU
2026-06-27T13:15:00+00:00,-8.37,1,DE_LU
2026-06-27T13:30:00+00:00,2.84,1,DE_LU
2026-06-27T13:45:00+00:00,27.02,1,DE_LU
2026-06-27T14:00:00+00:00,16.03,1,DE_LU
2026-06-27T14:15:00+00:00,26.25,1,DE_LU
2026-06-27T14:30:00+00:00,66.67,1,DE_LU
2026-06-27T14:45:00+00:00,100.91,1,DE_LU
2026-06-27T15:00:00+00:00,60.16,1,DE_LU
2026-06-27T15:15:00+00:00,102.71,1,DE_LU
2026-06-27T15:30:00+00:00,98.06,1,DE_LU
2026-06-27T15:45:00+00:00,111.57,1,DE_LU
2026-06-27T16:00:00+00:00,110.82,1,DE_LU
2026-06-27T16:15:00+00:00,129.49,1,DE_LU
2026-06-27T16:30:00+00:00,137.72,1,DE_LU
2026-06-27T16:45:00+00:00,160.5,1,DE_LU
2026-06-27T17:00:00+00:00,136.43,1,DE_LU
2026-06-27T17:15:00+00:00,161.41,1,DE_LU
2026-06-27T17:30:00+00:00,190.86,1,DE_LU
2026-06-27T17:45:00+00:00,214.59,1,DE_LU
2026-06-27T18:00:00+00:00,209.61,1,DE_LU
2026-06-27T18:15:00+00:00,208.35,1,DE_LU
2026-06-27T18:30:00+00:00,236.23,1,DE_LU
2026-06-27T18:45:00+00:00,244.83,1,DE_LU
2026-06-27T19:00:00+00:00,221.31,1,DE_LU
2026-06-27T19:15:00+00:00,214.2,1,DE_LU
2026-06-27T19:30:00+00:00,216.6,1,DE_LU
2026-06-27T19:45:00+00:00,219.74,1,DE_LU
2026-06-27T20:00:00+00:00,198.45,1,DE_LU
2026-06-27T20:15:00+00:00,186.46,1,DE_LU
2026-06-27T20:30:00+00:00,176.14,1,DE_LU
2026-06-27T20:45:00+00:00,156.95,1,DE_LU
2026-06-27T21:00:00+00:00,134.62,1,DE_LU
2026-06-27T21:15:00+00:00,154.43,1,DE_LU
2026-06-27T21:30:00+00:00,146.29,1,DE_LU
2026-06-27T21:45:00+00:00,136.42,1,DE_LU
2026-06-27T22:00:00+00:00,128.29,1,DE_LU
2026-06-27T22:15:00+00:00,135.28,1,DE_LU
2026-06-27T22:30:00+00:00,139.41,1,DE_LU
2026-06-27T22:45:00+00:00,119.76,1,DE_LU
2026-06-27T23:00:00+00:00,134.4,1,DE_LU
2026-06-27T23:15:00+00:00,140.46,1,DE_LU
2026-06-27T23:30:00+00:00,118.46,1,DE_LU
2026-06-27T23:45:00+00:00,117.02,1,DE_LU
2026-06-28T00:00:00+00:00,113.77,1,DE_LU
2026-06-28T00:15:00+00:00,121.19,1,DE_LU
2026-06-28T00:30:00+00:00,123.6,1,DE_LU
2026-06-28T00:45:00+00:00,117.77,1,DE_LU
2026-06-28T01:00:00+00:00,113.28,1,DE_LU
2026-06-28T01:15:00+00:00,124.7,1,DE_LU
2026-06-28T01:30:00+00:00,120.02,1,DE_LU
2026-06-28T01:45:00+00:00,126.84,1,DE_LU
2026-06-28T02:00:00+00:00,115.89,1,DE_LU
2026-06-28T02:15:00+00:00,113.77,1,DE_LU
2026-06-28T02:30:00+00:00,118.94,1,DE_LU
2026-06-28T02:45:00+00:00,128.17,1,DE_LU
2026-06-28T03:00:00+00:00,110.72,1,DE_LU
2026-06-28T03:15:00+00:00,112.91,1,DE_LU
2026-06-28T03:30:00+00:00,119.62,1,DE_LU
2026-06-28T03:45:00+00:00,118.12,1,DE_LU
2026-06-28T04:00:00+00:00,118.87,1,DE_LU
2026-06-28T04:15:00+00:00,110.2,1,DE_LU
2026-06-28T04:30:00+00:00,115.64,1,DE_LU
2026-06-28T04:45:00+00:00,95.5,1,DE_LU
2026-06-28T05:00:00+00:00,111.48,1,DE_LU
2026-06-28T05:15:00+00:00,115.65,1,DE_LU
2026-06-28T05:30:00+00:00,100.57,1,DE_LU
2026-06-28T05:45:00+00:00,88.18,1,DE_LU
2026-06-28T06:00:00+00:00,117.85,1,DE_LU
2026-06-28T06:15:00+00:00,77.42,1,DE_LU
2026-06-28T06:30:00+00:00,67.89,1,DE_LU
2026-06-28T06:45:00+00:00,49.68,1,DE_LU
2026-06-28T07:00:00+00:00,66.06,1,DE_LU
2026-06-28T07:15:00+00:00,30.93,1,DE_LU
2026-06-28T07:30:00+00:00,20.58,1,DE_LU
2026-06-28T07:45:00+00:00,7.04,1,DE_LU
2026-06-28T08:00:00+00:00,11.38,1,DE_LU
2026-06-28T08:15:00+00:00,12.62,1,DE_LU
2026-06-28T08:30:00+00:00,-6.82,1,DE_LU
2026-06-28T08:45:00+00:00,10.93,1,DE_LU
2026-06-28T09:00:00+00:00,-1.73,1,DE_LU
2026-06-28T09:15:00+00:00,-7.47,1,DE_LU
2026-06-28T09:30:00+00:00,-10.99,1,DE_LU
2026-06-28T09:45:00+00:00,-10.35,1,DE_LU
2026-06-28T10:00:00+00:00,-21.07,1,DE_LU
2026-06-28T10:15:00+00:00,-5.94,1,DE_LU
2026-06-28T10:30:00+00:00,-9.73,1,DE_LU
2026-06-28T10:45:00+00:00,-11.3,1,DE_LU
2026-06-28T11:00:00+00:00,-14.25,1,DE_LU
2026-06-28T11:15:00+00:00,-3.13,1,DE_LU
2026-06-28T11:30:00+00:00,-11.28,1,DE_LU
2026-06-28T11:45:00+00:00,-8.0,1,DE_LU
2026-06-28T12:00:00+00:00,-7.7,1,DE_LU
2026-06-28T12:15:00+00:00,-8.49,1,DE_LU
2026-06-28T12:30:00+00:00,-3.38,1,DE_LU
2026-06-28T12:45:00+00:00,-8.95,1,DE_LU
2026-06-28T13:00:00+00:00,-2.61,1,DE_LU
2026-06-28T13:15:00+00:00,-7.0,1,DE_LU
2026-06-28T13:30:00+00:00,-8.9,1,DE_LU
2026-06-28T13:45:00+00:00,-1.99,1,DE_LU
2026-06-28T14:00:00+00:00,-8.19,1,DE_LU
2026-06-28T14:15:00+00:00,0.7,1,DE_LU
2026-06-28T14:30:00+00:00,33.57,1,DE_LU
2026-06-28T14:45:00+00:00,79.17,1,DE_LU
2026-06-28T15:00:00+00:00,24.0,1,DE_LU
2026-06-28T15:15:00+00:00,85.76,1,DE_LU
2026-06-28T15:30:00+00:00,100.22,1,DE_LU
2026-06-28T15:45:00+00:00,124.29,1,DE_LU
2026-06-28T16:00:00+00:00,104.89,1,DE_LU
2026-06-28T16:15:00+00:00,106.85,1,DE_LU
2026-06-28T16:30:00+00:00,119.66,1,DE_LU
2026-06-28T16:45:00+00:00,134.92,1,DE_LU
2026-06-28T17:00:00+00:00,122.1,1,DE_LU
2026-06-28T17:15:00+00:00,135.73,1,DE_LU
2026-06-28T17:30:00+00:00,132.12,1,DE_LU
2026-06-28T17:45:00+00:00,156.37,1,DE_LU
2026-06-28T18:00:00+00:00,156.52,1,DE_LU
2026-06-28T18:15:00+00:00,157.14,1,DE_LU
2026-06-28T18:30:00+00:00,168.26,1,DE_LU
2026-06-28T18:45:00+00:00,162.65,1,DE_LU
2026-06-28T19:00:00+00:00,185.61,1,DE_LU
2026-06-28T19:15:00+00:00,162.74,1,DE_LU
2026-06-28T19:30:00+00:00,159.58,1,DE_LU
2026-06-28T19:45:00+00:00,180.78,1,DE_LU
2026-06-28T20:00:00+00:00,148.98,1,DE_LU
2026-06-28T20:15:00+00:00,166.24,1,DE_LU
2026-06-28T20:30:00+00:00,161.61,1,DE_LU
2026-06-28T20:45:00+00:00,148.01,1,DE_LU
2026-06-28T21:00:00+00:00,144.29,1,DE_LU
2026-06-28T21:15:00+00:00,147.84,1,DE_LU
2026-06-28T21:30:00+00:00,142.44,1,DE_LU
2026-06-28T21:45:00+00:00,130.3,1,DE_LU
2026-06-28T22:00:00+00:00,131.12,1,DE_LU
2026-06-28T22:15:00+00:00,134.13,1,DE_LU
2026-06-28T22:30:00+00:00,117.65,1,DE_LU
2026-06-28T22:45:00+00:00,110.89,1,DE_LU
2026-06-28T23:00:00+00:00,124.23,1,DE_LU
2026-06-28T23:15:00+00:00,110.62,1,DE_LU
2026-06-28T23:30:00+00:00,115.78,1,DE_LU
2026-06-28T23:45:00+00:00,110.75,1,DE_LU
2026-06-29T00:00:00+00:00,120.76,1,DE_LU
2026-06-29T00:15:00+00:00,116.86,1,DE_LU
2026-06-29T00:30:00+00:00,120.98,1,DE_LU
2026-06-29T00:45:00+00:00,107.52,1,DE_LU
2026-06-29T01:00:00+00:00,112.95,1,DE_LU
2026-06-29T01:15:00+00:00,112.67,1,DE_LU
2026-06-29T01:30:00+00:00,110.98,1,DE_LU
2026-06-29T01:45:00+00:00,119.17,1,DE_LU
2026-06-29T02:00:00+00:00,106.19,1,DE_LU
2026-06-29T02:15:00+00:00,109.96,1,DE_LU
2026-06-29T02:30:00+00:00,103.13,1,DE_LU
2026-06-29T02:45:00+00:00,118.09,1,DE_LU
2026-06-29T03:00:00+00:00,126.05,1,DE_LU
2026-06-29T03:15:00+00:00,125.0,1,DE_LU
2026-06-29T03:30:00+00:00,134.44,1,DE_LU
2026-06-29T03:45:00+00:00,135.17,1,DE_LU
2026-06-29T04:00:00+00:00,151.77,1,DE_LU
2026-06-29T04:15:00+00:00,138.54,1,DE_LU
2026-06-29T04:30:00+00:00,156.48,1,DE_LU
2026-06-29T04:45:00+00:00,145.58,1,DE_LU
2026-06-29T05:00:00+00:00,166.05,1,DE_LU
2026-06-29T05:15:00+00:00,134.86,1,DE_LU
2026-06-29T05:30:00+00:00,157.53,1,DE_LU
2026-06-29T05:45:00+00:00,142.49,1,DE_LU
2026-06-29T06:00:00+00:00,168.06,1,DE_LU
2026-06-29T06:15:00+00:00,144.77,1,DE_LU
2026-06-29T06:30:00+00:00,134.48,1,DE_LU
2026-06-29T06:45:00+00:00,117.79,1,DE_LU
2026-06-29T07:00:00+00:00,129.1,1,DE_LU
2026-06-29T07:15:00+00:00,119.76,1,DE_LU
2026-06-29T07:30:00+00:00,115.47,1,DE_LU
2026-06-29T07:45:00+00:00,117.94,1,DE_LU
2026-06-29T08:00:00+00:00,119.18,1,DE_LU
2026-06-29T08:15:00+00:00,104.37,1,DE_LU
2026-06-29T08:30:00+00:00,107.1,1,DE_LU
2026-06-29T08:45:00+00:00,95.92,1,DE_LU
2026-06-29T09:00:00+00:00,92.64,1,DE_LU
2026-06-29T09:15:00+00:00,95.17,1,DE_LU
2026-06-29T09:30:00+00:00,103.35,1,DE_LU
2026-06-29T09:45:00+00:00,82.25,1,DE_LU
2026-06-29T10:00:00+00:00,92.55,1,DE_LU
2026-06-29T10:15:00+00:00,81.97,1,DE_LU
2026-06-29T10:30:00+00:00,97.22,1,DE_LU
2026-06-29T10:45:00+00:00,67.46,1,DE_LU
2026-06-29T11:00:00+00:00,74.82,1,DE_LU
2026-06-29T11:15:00+00:00,82.61,1,DE_LU
2026-06-29T11:30:00+00:00,73.05,1,DE_LU
2026-06-29T11:45:00+00:00,68.36,1,DE_LU
2026-06-29T12:00:00+00:00,75.83,1,DE_LU
2026-06-29T12:15:00+00:00,73.61,1,DE_LU
2026-06-29T12:30:00+00:00,76.28,1,DE_LU
2026-06-29T12:45:00+00:00,78.16,1,DE_LU
2026-06-29T13:00:00+00:00,86.9,1,DE_LU
2026-06-29T13:15:00+00:00,98.83,1,DE_LU
2026-06-29T13:30:00+00:00,105.0,1,DE_LU
2026-06-29T13:45:00+00:00,111.55,1,DE_LU
2026-06-29T14:00:00+00:00,102.3,1,DE_LU
2026-06-29T14:15:00+00:00,94.9,1,DE_LU
2026-06-29T14:30:00+00:00,112.48,1,DE_LU
2026-06-29T14:45:00+00:00,115.64,1,DE_LU
2026-06-29T15:00:00+00:00,88.34,1,DE_LU
2026-06-29T15:15:00+00:00,116.46,1,DE_LU
2026-06-29T15:30:00+00:00,120.63,1,DE_LU
2026-06-29T15:45:00+00:00,129.04,1,DE_LU
2026-06-29T16:00:00+00:00,115.98,1,DE_LU
2026-06-29T16:15:00+00:00,137.32,1,DE_LU
2026-06-29T16:30:00+00:00,136.7,1,DE_LU
2026-06-29T16:45:00+00:00,185.76,1,DE_LU
2026-06-29T17:00:00+00:00,145.36,1,DE_LU
2026-06-29T17:15:00+00:00,172.15,1,DE_LU
2026-06-29T17:30:00+00:00,208.53,1,DE_LU
2026-06-29T17:45:00+00:00,262.4,1,DE_LU
2026-06-29T18:00:00+00:00,225.13,1,DE_LU
2026-06-29T18:15:00+00:00,274.08,1,DE_LU
2026-06-29T18:30:00+00:00,316.16,1,DE_LU
2026-06-29T18:45:00+00:00,360.52,1,DE_LU
2026-06-29T19:00:00+00:00,328.8,1,DE_LU
2026-06-29T19:15:00+00:00,324.21,1,DE_LU
2026-06-29T19:30:00+00:00,296.1,1,DE_LU
2026-06-29T19:45:00+00:00,288.76,1,DE_LU
2026-06-29T20:00:00+00:00,296.7,1,DE_LU
2026-06-29T20:15:00+00:00,252.57,1,DE_LU
2026-06-29T20:30:00+00:00,211.66,1,DE_LU
2026-06-29T20:45:00+00:00,178.35,1,DE_LU
2026-06-29T21:00:00+00:00,203.82,1,DE_LU
2026-06-29T21:15:00+00:00,165.56,1,DE_LU
2026-06-29T21:30:00+00:00,161.86,1,DE_LU
2026-06-29T21:45:00+00:00,150.49,1,DE_LU
