timestamp,zone,product,direction,capacity_price_eur_mw_h,timezone
2025-10-25 00:00,DE_LU,FCR,symmetric,20.0,Europe/Berlin
2025-10-25 04:00,DE_LU,FCR,symmetric,20.0,Europe/Berlin
2025-10-25 08:00,DE_LU,FCR,symmetric,20.0,Europe/Berlin
2025-10-25 12:00,DE_LU,FCR,symmetric,20.0,Europe/Berlin
2025-10-25 16:00,DE_LU,FCR,symmetric,20.0,Europe/Berlin
2025-10-25 20:00,DE_LU,FCR,symmetric,20.0,Europe/Berlin
2025-10-26 00:00,DE_LU,FCR,symmetric,20.0,Europe/Berlin
2025-10-26 04:00,DE_LU,FCR,symmetric,20.0,Europe/Berlin
2025-10-26 08:00,DE_LU,FCR,symmetric,20.0,Europe/Berlin
2025-10-26 12:00,DE_LU,FCR,symmetric,20.0,Europe/Berlin
2025-10-26 16:00,DE_LU,FCR,symmetric,20.0,Europe/Berlin
2025-10-26 20:00,DE_LU,FCR,symmetric,20.0,Europe/Berlin
2026-03-27 00:00,DE_LU,FCR,symmetric,20.0,Europe/Berlin
2026-03-27 04:00,DE_LU,FCR,symmetric,20.0,Europe/Berlin
2026-03-27 08:00,DE_LU,FCR,symmetric,20.0,Europe/Berlin
2026-03-27 12:00,DE_LU,FCR,symmetric,20.0,Europe/Berlin
2026-03-27 16:00,DE_LU,FCR,symmetric,20.0,Europe/Berlin
2026-03-27 20:00,DE_LU,FCR,symmetric,20.0,Europe/Berlin
2026-03-28 00:00,DE_LU,FCR,symmetric,20.0,Europe/Berlin
2026-03-28 04:00,DE_LU,FCR,symmetric,20.0,Europe/Berlin
2026-03-28 08:00,DE_LU,FCR,symmetric,20.0,Europe/Berlin
2026-03-28 12:00,DE_LU,FCR,symmetric,20.0,Europe/Berlin
2026-03-28 16:00,DE_LU,FCR,symmetric,20.0,Europe/Berlin
2026-03-28 20:00,DE_LU,FCR,symmetric,20.0,Europe/Berlin
2026-03-29 00:00,DE_LU,FCR,symmetric,20.0,Europe/Berlin
2026-03-29 04:00,DE_LU,FCR,symmetric,20.0,Europe/Berlin
2026-03-29 08:00,DE_LU,FCR,symmetric,20.0,Europe/Berlin
2026-03-29 12:00,DE_LU,FCR,symmetric,20.0,Europe/Berlin
2026-03-29 16:00,DE_LU,FCR,symmetric,20.0,Europe/Berlin
2026-03-29 20:00,DE_LU,FCR,symmetric,20.0,Europe/Berlin
