zone,contract,delivery_start,delivery_end,price_eur_mwh,shape,source,as_of
DE_LU,Cal-2027,2027-01-01,2028-01-01,82.5,base,SYNTHETIC acceptance fixture,2026-10-03
DE_LU,Cal-2028,2028-01-01,2029-01-01,81.7,base,SYNTHETIC acceptance fixture,2026-10-03
DE_LU,Cal-2029,2029-01-01,2030-01-01,80.9,base,SYNTHETIC acceptance fixture,2026-10-03
DE_LU,Cal-2030,2030-01-01,2031-01-01,80.1,base,SYNTHETIC acceptance fixture,2026-10-03
DE_LU,Cal-2031,2031-01-01,2032-01-01,79.3,base,SYNTHETIC acceptance fixture,2026-10-03
DE_LU,Cal-2032,2032-01-01,2033-01-01,78.5,base,SYNTHETIC acceptance fixture,2026-10-03
DE_LU,Cal-2033,2033-01-01,2034-01-01,77.7,base,SYNTHETIC acceptance fixture,2026-10-03
DE_LU,Cal-2034,2034-01-01,2035-01-01,76.9,base,SYNTHETIC acceptance fixture,2026-10-03
DE_LU,Cal-2035,2035-01-01,2036-01-01,76.1,base,SYNTHETIC acceptance fixture,2026-10-03
DE_LU,Cal-2036,2036-01-01,2037-01-01,75.3,base,SYNTHETIC acceptance fixture,2026-10-03
DE_LU,Cal-2037,2037-01-01,2038-01-01,74.5,base,SYNTHETIC acceptance fixture,2026-10-03
DE_LU,Cal-2038,2038-01-01,2039-01-01,73.7,base,SYNTHETIC acceptance fixture,2026-10-03
DE_LU,Cal-2039,2039-01-01,2040-01-01,72.9,base,SYNTHETIC acceptance fixture,2026-10-03
DE_LU,Cal-2040,2040-01-01,2041-01-01,72.1,base,SYNTHETIC acceptance fixture,2026-10-03
DE_LU,Cal-2041,2041-01-01,2042-01-01,71.3,base,SYNTHETIC acceptance fixture,2026-10-03
DE_LU,Cal-2042,2042-01-01,2043-01-01,70.5,base,SYNTHETIC acceptance fixture,2026-10-03
DE_LU,Cal-2043,2043-01-01,2044-01-01,69.7,base,SYNTHETIC acceptance fixture,2026-10-03
DE_LU,Cal-2044,2044-01-01,2045-01-01,68.9,base,SYNTHETIC acceptance fixture,2026-10-03
DE_LU,Cal-2045,2045-01-01,2046-01-01,68.1,base,SYNTHETIC acceptance fixture,2026-10-03
DE_LU,Cal-2046,2046-01-01,2047-01-01,67.3,base,SYNTHETIC acceptance fixture,2026-10-03
